table,column,definition
redcap_actions,action_id,"int(10) NOT NULL AUTO_INCREMENT,"
redcap_actions,project_id,"int(10) DEFAULT NULL,"
redcap_actions,survey_id,"int(10) DEFAULT NULL,"
redcap_actions,action_trigger,"enum('MANUAL','ENDOFSURVEY','SURVEYQUESTION') COLLATE utf8mb4_unicode_ci DEFAULT NULL,"
redcap_actions,action_response,"enum('NONE','EMAIL_PRIMARY','EMAIL_SECONDARY','EMAIL_TERTIARY','STOPSURVEY','PROMPT') COLLATE utf8mb4_unicode_ci DEFAULT NULL,"
redcap_actions,custom_text,"text COLLATE utf8mb4_unicode_ci DEFAULT NULL,"
redcap_actions,recipient_id,"int(10) DEFAULT NULL COMMENT 'FK user_information',"
redcap_ai_log,ai_id,"int(11) NOT NULL AUTO_INCREMENT,"
redcap_ai_log,ts,"datetime DEFAULT NULL,"
redcap_ai_log,service,"varchar(100) COLLATE utf8mb4_unicode_ci DEFAULT NULL,"
redcap_ai_log,type,"varchar(100) COLLATE utf8mb4_unicode_ci DEFAULT NULL,"
redcap_ai_log,project_id,"int(11) DEFAULT NULL,"
redcap_ai_log,user_id,"int(11) DEFAULT NULL,"
redcap_ai_log,num_chars_sent,"int(11) DEFAULT NULL,"
redcap_ai_log,num_words_sent,"int(11) DEFAULT NULL,"
redcap_ai_log,num_chars_received,"int(11) DEFAULT NULL,"
redcap_ai_log,num_words_received,"int(11) DEFAULT NULL,"
redcap_alerts,alert_id,"int(10) NOT NULL AUTO_INCREMENT,"
redcap_alerts,project_id,"int(10) DEFAULT NULL,"
redcap_alerts,alert_title,"varchar(100) COLLATE utf8mb4_unicode_ci DEFAULT NULL,"
redcap_alerts,alert_type,"enum('EMAIL','SMS','VOICE_CALL','SENDGRID_TEMPLATE') COLLATE utf8mb4_unicode_ci NOT NULL DEFAULT 'EMAIL',"
redcap_alerts,alert_stop_type,"enum('RECORD','RECORD_EVENT','RECORD_EVENT_INSTRUMENT','RECORD_INSTRUMENT','RECORD_EVENT_INSTRUMENT_INSTANCE') COLLATE utf8mb4_unicode_ci NOT NULL DEFAULT 'RECORD_EVENT_INSTRUMENT_INSTANCE',"
redcap_alerts,email_deleted,"tinyint(1) NOT NULL DEFAULT '0',"
redcap_alerts,alert_expiration,"datetime DEFAULT NULL,"
redcap_alerts,form_name,"varchar(255) COLLATE utf8mb4_unicode_ci DEFAULT NULL COMMENT 'Instrument Name',"
redcap_alerts,form_name_event,"int(10) DEFAULT NULL COMMENT 'Event ID',"
redcap_alerts,alert_condition,"text COLLATE utf8mb4_unicode_ci DEFAULT NULL COMMENT 'Conditional logic',"
redcap_alerts,ensure_logic_still_true,"tinyint(1) NOT NULL DEFAULT '0',"
redcap_alerts,do_not_clear_recurrences,"tinyint(1) NOT NULL DEFAULT '0',"
redcap_alerts,prevent_piping_identifiers,"tinyint(1) NOT NULL DEFAULT '1',"
redcap_alerts,email_incomplete,"tinyint(1) DEFAULT '0' COMMENT 'Send alert for any form status?',"
redcap_alerts,email_from,"varchar(191) COLLATE utf8mb4_unicode_ci DEFAULT NULL COMMENT 'Email From',"
redcap_alerts,email_from_display,"varchar(150) COLLATE utf8mb4_unicode_ci DEFAULT NULL COMMENT 'Email sender display name',"
redcap_alerts,email_to,"text COLLATE utf8mb4_unicode_ci DEFAULT NULL COMMENT 'Email To',"
redcap_alerts,phone_number_to,"text COLLATE utf8mb4_unicode_ci DEFAULT NULL,"
redcap_alerts,email_cc,"text COLLATE utf8mb4_unicode_ci DEFAULT NULL COMMENT 'Email CC',"
redcap_alerts,email_bcc,"text COLLATE utf8mb4_unicode_ci DEFAULT NULL COMMENT 'Email BCC',"
redcap_alerts,email_subject,"varchar(255) COLLATE utf8mb4_unicode_ci DEFAULT NULL COMMENT 'Subject',"
redcap_alerts,alert_message,"text COLLATE utf8mb4_unicode_ci DEFAULT NULL COMMENT 'Message',"
redcap_alerts,email_failed,"varchar(255) COLLATE utf8mb4_unicode_ci DEFAULT NULL,"
redcap_alerts,email_attachment_variable,"text COLLATE utf8mb4_unicode_ci DEFAULT NULL COMMENT 'REDCap file variables',"
redcap_alerts,email_attachment1,"int(10) DEFAULT NULL,"
redcap_alerts,email_attachment2,"int(10) DEFAULT NULL,"
redcap_alerts,email_attachment3,"int(10) DEFAULT NULL,"
redcap_alerts,email_attachment4,"int(10) DEFAULT NULL,"
redcap_alerts,email_attachment5,"int(10) DEFAULT NULL,"
redcap_alerts,email_repetitive,"tinyint(1) NOT NULL DEFAULT '0' COMMENT 'Re-send alert on form re-save?',"
redcap_alerts,email_repetitive_change,"tinyint(1) NOT NULL DEFAULT '0' COMMENT 'Re-send alert on form re-save if data has been added or modified?',"
redcap_alerts,email_repetitive_change_calcs,"tinyint(1) NOT NULL DEFAULT '0' COMMENT 'Include calc fields for email_repetitive_change?',"
redcap_alerts,cron_send_email_on,"enum('now','date','time_lag','next_occurrence') COLLATE utf8mb4_unicode_ci DEFAULT 'now' COMMENT 'When to send alert',"
redcap_alerts,cron_send_email_on_date,"datetime DEFAULT NULL COMMENT 'Exact time to send',"
redcap_alerts,cron_send_email_on_time_lag_days,"int(4) DEFAULT NULL,"
redcap_alerts,cron_send_email_on_time_lag_hours,"int(3) DEFAULT NULL,"
redcap_alerts,cron_send_email_on_time_lag_minutes,"int(3) DEFAULT NULL,"
redcap_alerts,cron_send_email_on_field,"varchar(255) COLLATE utf8mb4_unicode_ci DEFAULT NULL,"
redcap_alerts,cron_send_email_on_field_after,"enum('before','after') COLLATE utf8mb4_unicode_ci NOT NULL DEFAULT 'after',"
redcap_alerts,cron_send_email_on_next_day_type,"enum('DAY','WEEKDAY','WEEKENDDAY','SUNDAY','MONDAY','TUESDAY','WEDNESDAY','THURSDAY','FRIDAY','SATURDAY') COLLATE utf8mb4_unicode_ci NOT NULL DEFAULT 'DAY',"
redcap_alerts,cron_send_email_on_next_time,"time DEFAULT NULL,"
redcap_alerts,cron_repeat_for,"float NOT NULL DEFAULT '0' COMMENT 'Repeat every # of days',"
redcap_alerts,cron_repeat_for_units,"enum('DAYS','HOURS','MINUTES') COLLATE utf8mb4_unicode_ci NOT NULL DEFAULT 'DAYS',"
redcap_alerts,cron_repeat_for_max,"smallint(4) DEFAULT NULL,"
redcap_alerts,email_timestamp_sent,"datetime DEFAULT NULL COMMENT 'Time last alert was sent',"
redcap_alerts,email_sent,"tinyint(1) NOT NULL DEFAULT '0' COMMENT 'Has at least one alert been sent?',"
redcap_alerts,alert_order,"int(10) DEFAULT NULL,"
redcap_alerts,sendgrid_template_id,"text COLLATE utf8mb4_unicode_ci DEFAULT NULL,"
redcap_alerts,sendgrid_template_data,"text COLLATE utf8mb4_unicode_ci DEFAULT NULL,"
redcap_alerts,sendgrid_mail_send_configuration,"text COLLATE utf8mb4_unicode_ci DEFAULT NULL,"
redcap_alerts_recurrence,aq_id,"int(10) NOT NULL AUTO_INCREMENT,"
redcap_alerts_recurrence,alert_id,"int(10) DEFAULT NULL,"
redcap_alerts_recurrence,creation_date,"datetime DEFAULT NULL,"
redcap_alerts_recurrence,record,"varchar(100) COLLATE utf8mb4_unicode_ci DEFAULT NULL,"
redcap_alerts_recurrence,event_id,"int(10) DEFAULT NULL,"
redcap_alerts_recurrence,instrument,"varchar(100) COLLATE utf8mb4_unicode_ci DEFAULT NULL,"
redcap_alerts_recurrence,instance,"smallint(4) DEFAULT NULL,"
redcap_alerts_recurrence,send_option,"enum('now','date','time_lag','next_occurrence') COLLATE utf8mb4_unicode_ci NOT NULL DEFAULT 'now',"
redcap_alerts_recurrence,times_sent,"smallint(4) DEFAULT NULL,"
redcap_alerts_recurrence,last_sent,"datetime DEFAULT NULL,"
redcap_alerts_recurrence,status,"enum('IDLE','QUEUED','SENDING') COLLATE utf8mb4_unicode_ci NOT NULL DEFAULT 'IDLE',"
redcap_alerts_recurrence,first_send_time,"datetime DEFAULT NULL,"
redcap_alerts_recurrence,next_send_time,"datetime DEFAULT NULL,"
redcap_alerts_sent,alert_sent_id,"int(10) NOT NULL AUTO_INCREMENT,"
redcap_alerts_sent,alert_id,"int(10) NOT NULL,"
redcap_alerts_sent,record,"varchar(100) COLLATE utf8mb4_unicode_ci DEFAULT NULL,"
redcap_alerts_sent,event_id,"int(10) DEFAULT NULL,"
redcap_alerts_sent,instrument,"varchar(100) COLLATE utf8mb4_unicode_ci DEFAULT NULL,"
redcap_alerts_sent,instance,"smallint(4) DEFAULT '1',"
redcap_alerts_sent,last_sent,"datetime DEFAULT NULL,"
redcap_alerts_sent_log,alert_sent_log_id,"int(10) NOT NULL AUTO_INCREMENT,"
redcap_alerts_sent_log,alert_sent_id,"int(10) DEFAULT NULL,"
redcap_alerts_sent_log,alert_type,"enum('EMAIL','SMS','VOICE_CALL','SENDGRID_TEMPLATE') COLLATE utf8mb4_unicode_ci NOT NULL DEFAULT 'EMAIL',"
redcap_alerts_sent_log,time_sent,"datetime DEFAULT NULL,"
redcap_alerts_sent_log,email_from,"varchar(191) COLLATE utf8mb4_unicode_ci DEFAULT NULL,"
redcap_alerts_sent_log,email_to,"text COLLATE utf8mb4_unicode_ci DEFAULT NULL,"
redcap_alerts_sent_log,phone_number_to,"text COLLATE utf8mb4_unicode_ci DEFAULT NULL,"
redcap_alerts_sent_log,email_cc,"text COLLATE utf8mb4_unicode_ci DEFAULT NULL,"
redcap_alerts_sent_log,email_bcc,"text COLLATE utf8mb4_unicode_ci DEFAULT NULL,"
redcap_alerts_sent_log,subject,"text COLLATE utf8mb4_unicode_ci DEFAULT NULL,"
redcap_alerts_sent_log,message,"mediumtext COLLATE utf8mb4_unicode_ci DEFAULT NULL,"
redcap_alerts_sent_log,attachment_names,"text COLLATE utf8mb4_unicode_ci DEFAULT NULL,"
redcap_auth,username,"varchar(191) COLLATE utf8mb4_unicode_ci NOT NULL,"
redcap_auth,password,"varchar(255) COLLATE utf8mb4_unicode_ci DEFAULT NULL COMMENT 'Hash of user''s password',"
redcap_auth,password_salt,"varchar(255) COLLATE utf8mb4_unicode_ci DEFAULT NULL COMMENT 'Unique random salt for password',"
redcap_auth,legacy_hash,"int(1) NOT NULL DEFAULT '0' COMMENT 'Using older legacy hash for password storage?',"
redcap_auth,temp_pwd,"int(1) NOT NULL DEFAULT '0' COMMENT 'Flag to force user to re-enter password',"
redcap_auth,password_question,"int(10) DEFAULT NULL COMMENT 'PK of question',"
redcap_auth,password_answer,"text COLLATE utf8mb4_unicode_ci DEFAULT NULL COMMENT 'Hashed answer to password recovery question',"
redcap_auth,password_question_reminder,"datetime DEFAULT NULL COMMENT 'When to prompt user to set up security question',"
redcap_auth,password_reset_key,"varchar(191) COLLATE utf8mb4_unicode_ci DEFAULT NULL,"
redcap_auth_history,username,"varchar(255) COLLATE utf8mb4_unicode_ci NOT NULL,"
redcap_auth_history,password,"varchar(255) COLLATE utf8mb4_unicode_ci NOT NULL DEFAULT '',"
redcap_auth_history,timestamp,"datetime DEFAULT NULL,"
redcap_auth_questions,qid,"int(10) NOT NULL AUTO_INCREMENT,"
redcap_auth_questions,question,"text COLLATE utf8mb4_unicode_ci DEFAULT NULL,"
redcap_cache,cache_id,"bigint(19) NOT NULL AUTO_INCREMENT,"
redcap_cache,project_id,"int(11) NOT NULL,"
redcap_cache,cache_key,"varchar(191) COLLATE utf8mb4_unicode_ci NOT NULL,"
redcap_cache,data,"longblob DEFAULT NULL,"
redcap_cache,ts,"datetime DEFAULT NULL,"
redcap_cache,expiration,"datetime DEFAULT NULL,"
redcap_cache,invalidation_strategies,"text COLLATE utf8mb4_unicode_ci DEFAULT NULL,"
redcap_cde_cache,cache_id,"int(10) NOT NULL AUTO_INCREMENT,"
redcap_cde_cache,tinyId,"varchar(50) COLLATE utf8mb4_unicode_ci DEFAULT NULL,"
redcap_cde_cache,publicId,"varchar(50) COLLATE utf8mb4_unicode_ci DEFAULT NULL,"
redcap_cde_cache,steward,"varchar(100) COLLATE utf8mb4_unicode_ci DEFAULT NULL,"
redcap_cde_cache,question,"text COLLATE utf8mb4_unicode_ci DEFAULT NULL,"
redcap_cde_cache,choices,"text COLLATE utf8mb4_unicode_ci DEFAULT NULL,"
redcap_cde_cache,updated_on,"datetime DEFAULT NULL,"
redcap_cde_field_mapping,project_id,"int(10) DEFAULT NULL,"
redcap_cde_field_mapping,field_name,"varchar(100) COLLATE utf8mb4_unicode_ci DEFAULT NULL,"
redcap_cde_field_mapping,tinyId,"varchar(50) COLLATE utf8mb4_unicode_ci DEFAULT NULL,"
redcap_cde_field_mapping,publicId,"varchar(50) COLLATE utf8mb4_unicode_ci DEFAULT NULL,"
redcap_cde_field_mapping,questionId,"varchar(50) COLLATE utf8mb4_unicode_ci DEFAULT NULL,"
redcap_cde_field_mapping,steward,"varchar(100) COLLATE utf8mb4_unicode_ci DEFAULT NULL,"
redcap_cde_field_mapping,web_service,"varchar(50) COLLATE utf8mb4_unicode_ci DEFAULT NULL,"
redcap_cde_field_mapping,org_selected,"varchar(100) COLLATE utf8mb4_unicode_ci DEFAULT NULL,"
redcap_config,field_name,"varchar(191) COLLATE utf8mb4_unicode_ci NOT NULL DEFAULT '',"
redcap_config,value,"mediumtext COLLATE utf8mb4_unicode_ci DEFAULT NULL,"
redcap_crons,cron_id,"int(10) NOT NULL AUTO_INCREMENT,"
redcap_crons,cron_name,"varchar(100) COLLATE utf8mb4_unicode_ci DEFAULT NULL COMMENT 'Unique name for each job',"
redcap_crons,external_module_id,"int(11) DEFAULT NULL,"
redcap_crons,cron_description,"text COLLATE utf8mb4_unicode_ci DEFAULT NULL,"
redcap_crons,cron_enabled,"enum('ENABLED','DISABLED') COLLATE utf8mb4_unicode_ci DEFAULT 'ENABLED',"
redcap_crons,cron_frequency,"int(10) DEFAULT NULL COMMENT 'seconds',"
redcap_crons,cron_max_run_time,"int(10) DEFAULT NULL COMMENT 'max # seconds a cron should run',"
redcap_crons,cron_instances_max,"int(2) NOT NULL DEFAULT '1' COMMENT 'Number of instances that can run simultaneously',"
redcap_crons,cron_instances_current,"int(2) NOT NULL DEFAULT '0' COMMENT 'Current number of instances running',"
redcap_crons,cron_last_run_start,"datetime DEFAULT NULL,"
redcap_crons,cron_last_run_end,"datetime DEFAULT NULL,"
redcap_crons,cron_times_failed,"int(2) NOT NULL DEFAULT '0' COMMENT 'After X failures, set as Disabled',"
redcap_crons,cron_external_url,"text COLLATE utf8mb4_unicode_ci DEFAULT NULL COMMENT 'URL to call for custom jobs not defined by REDCap',"
redcap_crons_datediff,dd_id,"int(10) NOT NULL AUTO_INCREMENT,"
redcap_crons_datediff,project_id,"int(10) DEFAULT NULL,"
redcap_crons_datediff,record,"varchar(100) COLLATE utf8mb4_unicode_ci DEFAULT NULL,"
redcap_crons_datediff,asi_updated_at,"datetime DEFAULT NULL COMMENT 'Last evaluation for ASIs',"
redcap_crons_datediff,asi_last_update_start,"datetime DEFAULT NULL,"
redcap_crons_datediff,asi_status,"enum('QUEUED','PROCESSING') COLLATE utf8mb4_unicode_ci DEFAULT NULL COMMENT 'Status for ASIs',"
redcap_crons_datediff,alert_updated_at,"datetime DEFAULT NULL COMMENT 'Last evaluation for Alerts',"
redcap_crons_datediff,alert_last_update_start,"datetime DEFAULT NULL,"
redcap_crons_datediff,alert_status,"enum('QUEUED','PROCESSING') COLLATE utf8mb4_unicode_ci DEFAULT NULL COMMENT 'Status for Alerts',"
redcap_crons_history,ch_id,"int(10) NOT NULL AUTO_INCREMENT,"
redcap_crons_history,cron_id,"int(10) DEFAULT NULL,"
redcap_crons_history,cron_run_start,"datetime DEFAULT NULL,"
redcap_crons_history,cron_run_end,"datetime DEFAULT NULL,"
redcap_crons_history,cron_run_status,"enum('PROCESSING','COMPLETED','FAILED') COLLATE utf8mb4_unicode_ci DEFAULT NULL,"
redcap_crons_history,cron_info,"text COLLATE utf8mb4_unicode_ci DEFAULT NULL COMMENT 'Any pertinent info that might be logged',"
redcap_custom_queries,qid,"int(10) NOT NULL AUTO_INCREMENT,"
redcap_custom_queries,title,"text COLLATE utf8mb4_unicode_ci DEFAULT NULL,"
redcap_custom_queries,query,"text COLLATE utf8mb4_unicode_ci DEFAULT NULL,"
redcap_custom_queries_folders,folder_id,"int(10) NOT NULL AUTO_INCREMENT,"
redcap_custom_queries_folders,name,"varchar(64) COLLATE utf8mb4_unicode_ci DEFAULT NULL,"
redcap_custom_queries_folders,position,"smallint(4) DEFAULT NULL,"
redcap_custom_queries_folders_items,folder_id,"int(10) DEFAULT NULL,"
redcap_custom_queries_folders_items,qid,"int(10) DEFAULT NULL,"
redcap_dashboard_ip_location_cache,ip,"varchar(100) COLLATE utf8mb4_unicode_ci NOT NULL,"
redcap_dashboard_ip_location_cache,latitude,"varchar(50) COLLATE utf8mb4_unicode_ci DEFAULT NULL,"
redcap_dashboard_ip_location_cache,longitude,"varchar(50) COLLATE utf8mb4_unicode_ci DEFAULT NULL,"
redcap_dashboard_ip_location_cache,city,"varchar(255) COLLATE utf8mb4_unicode_ci DEFAULT NULL,"
redcap_dashboard_ip_location_cache,region,"varchar(255) COLLATE utf8mb4_unicode_ci DEFAULT NULL,"
redcap_dashboard_ip_location_cache,country,"varchar(255) COLLATE utf8mb4_unicode_ci DEFAULT NULL,"
redcap_data,project_id,"int(10) NOT NULL DEFAULT '0',"
redcap_data,event_id,"int(10) DEFAULT NULL,"
redcap_data,record,"varchar(100) COLLATE utf8mb4_unicode_ci DEFAULT NULL,"
redcap_data,field_name,"varchar(100) COLLATE utf8mb4_unicode_ci DEFAULT NULL,"
redcap_data,value,"text COLLATE utf8mb4_unicode_ci DEFAULT NULL,"
redcap_data,instance,"smallint(4) DEFAULT NULL,"
redcap_data2,project_id,"int(10) NOT NULL DEFAULT '0',"
redcap_data2,event_id,"int(10) DEFAULT NULL,"
redcap_data2,record,"varchar(100) COLLATE utf8mb4_unicode_ci DEFAULT NULL,"
redcap_data2,field_name,"varchar(100) COLLATE utf8mb4_unicode_ci DEFAULT NULL,"
redcap_data2,value,"text COLLATE utf8mb4_unicode_ci DEFAULT NULL,"
redcap_data2,instance,"smallint(4) DEFAULT NULL,"
redcap_data3,project_id,"int(10) NOT NULL DEFAULT '0',"
redcap_data3,event_id,"int(10) DEFAULT NULL,"
redcap_data3,record,"varchar(100) COLLATE utf8mb4_unicode_ci DEFAULT NULL,"
redcap_data3,field_name,"varchar(100) COLLATE utf8mb4_unicode_ci DEFAULT NULL,"
redcap_data3,value,"text COLLATE utf8mb4_unicode_ci DEFAULT NULL,"
redcap_data3,instance,"smallint(4) DEFAULT NULL,"
redcap_data4,project_id,"int(10) NOT NULL DEFAULT '0',"
redcap_data4,event_id,"int(10) DEFAULT NULL,"
redcap_data4,record,"varchar(100) COLLATE utf8mb4_unicode_ci DEFAULT NULL,"
redcap_data4,field_name,"varchar(100) COLLATE utf8mb4_unicode_ci DEFAULT NULL,"
redcap_data4,value,"text COLLATE utf8mb4_unicode_ci DEFAULT NULL,"
redcap_data4,instance,"smallint(4) DEFAULT NULL,"
redcap_data5,project_id,"int(10) NOT NULL DEFAULT '0',"
redcap_data5,event_id,"int(10) DEFAULT NULL,"
redcap_data5,record,"varchar(100) COLLATE utf8mb4_unicode_ci DEFAULT NULL,"
redcap_data5,field_name,"varchar(100) COLLATE utf8mb4_unicode_ci DEFAULT NULL,"
redcap_data5,value,"text COLLATE utf8mb4_unicode_ci DEFAULT NULL,"
redcap_data5,instance,"smallint(4) DEFAULT NULL,"
redcap_data6,project_id,"int(10) NOT NULL DEFAULT '0',"
redcap_data6,event_id,"int(10) DEFAULT NULL,"
redcap_data6,record,"varchar(100) COLLATE utf8mb4_unicode_ci DEFAULT NULL,"
redcap_data6,field_name,"varchar(100) COLLATE utf8mb4_unicode_ci DEFAULT NULL,"
redcap_data6,value,"text COLLATE utf8mb4_unicode_ci DEFAULT NULL,"
redcap_data6,instance,"smallint(4) DEFAULT NULL,"
redcap_data_access_groups,group_id,"int(10) NOT NULL AUTO_INCREMENT,"
redcap_data_access_groups,project_id,"int(10) DEFAULT NULL,"
redcap_data_access_groups,group_name,"varchar(255) COLLATE utf8mb4_unicode_ci DEFAULT NULL,"
redcap_data_access_groups_users,project_id,"int(10) DEFAULT NULL,"
redcap_data_access_groups_users,group_id,"int(10) DEFAULT NULL,"
redcap_data_access_groups_users,username,"varchar(191) COLLATE utf8mb4_unicode_ci DEFAULT NULL,"
redcap_data_dictionaries,dd_id,"int(10) NOT NULL AUTO_INCREMENT,"
redcap_data_dictionaries,project_id,"int(10) DEFAULT NULL,"
redcap_data_dictionaries,doc_id,"int(10) DEFAULT NULL,"
redcap_data_dictionaries,ui_id,"int(10) DEFAULT NULL,"
redcap_data_import,import_id,"int(10) NOT NULL AUTO_INCREMENT,"
redcap_data_import,project_id,"int(10) DEFAULT NULL,"
redcap_data_import,user_id,"int(10) DEFAULT NULL COMMENT 'User importing the data',"
redcap_data_import,dag_id,"int(10) DEFAULT NULL COMMENT 'Current DAG of user importing data',"
redcap_data_import,filename,"varchar(191) COLLATE utf8mb4_unicode_ci DEFAULT NULL,"
redcap_data_import,upload_time,"datetime DEFAULT NULL,"
redcap_data_import,completed_time,"datetime DEFAULT NULL,"
redcap_data_import,total_processing_time,"int(10) DEFAULT NULL COMMENT 'seconds',"
redcap_data_import,status,"enum('INITIALIZING','QUEUED','PROCESSING','COMPLETED','FAILED','CANCELED','PAUSED') COLLATE utf8mb4_unicode_ci NOT NULL DEFAULT 'INITIALIZING',"
redcap_data_import,csv_header,"mediumtext COLLATE utf8mb4_unicode_ci DEFAULT NULL,"
redcap_data_import,records_provided,"int(10) DEFAULT NULL,"
redcap_data_import,records_imported,"int(10) DEFAULT NULL,"
redcap_data_import,total_errors,"int(10) DEFAULT NULL,"
redcap_data_import,delimiter,"enum(',',';','TAB') COLLATE utf8mb4_unicode_ci NOT NULL DEFAULT ',',"
redcap_data_import,date_format,"enum('YMD','MDY','DMY') COLLATE utf8mb4_unicode_ci NOT NULL DEFAULT 'YMD',"
redcap_data_import,overwrite_behavior,"enum('normal','overwrite') COLLATE utf8mb4_unicode_ci NOT NULL DEFAULT 'normal',"
redcap_data_import,force_auto_number,"tinyint(1) NOT NULL DEFAULT '0',"
redcap_data_import,change_reason,"text COLLATE utf8mb4_unicode_ci DEFAULT NULL,"
redcap_data_import_rows,row_id,"int(10) NOT NULL AUTO_INCREMENT,"
redcap_data_import_rows,import_id,"int(10) NOT NULL,"
redcap_data_import_rows,record_provided,"varchar(100) COLLATE utf8mb4_unicode_ci DEFAULT NULL,"
redcap_data_import_rows,record,"varchar(100) COLLATE utf8mb4_unicode_ci DEFAULT NULL,"
redcap_data_import_rows,event_id,"int(10) DEFAULT NULL,"
redcap_data_import_rows,row_status,"enum('QUEUED','PROCESSING','COMPLETED','FAILED','CANCELED') COLLATE utf8mb4_unicode_ci NOT NULL DEFAULT 'QUEUED',"
redcap_data_import_rows,start_time,"datetime DEFAULT NULL,"
redcap_data_import_rows,end_time,"datetime DEFAULT NULL,"
redcap_data_import_rows,total_time,"int(10) DEFAULT NULL COMMENT 'milliseconds',"
redcap_data_import_rows,row_data,"longtext COLLATE utf8mb4_unicode_ci DEFAULT NULL,"
redcap_data_import_rows,error_count,"int(10) DEFAULT NULL,"
redcap_data_import_rows,errors,"text COLLATE utf8mb4_unicode_ci DEFAULT NULL,"
redcap_data_quality_resolutions,res_id,"int(10) NOT NULL AUTO_INCREMENT,"
redcap_data_quality_resolutions,status_id,"int(10) DEFAULT NULL COMMENT 'FK from data_quality_status',"
redcap_data_quality_resolutions,ts,"datetime DEFAULT NULL COMMENT 'Date/time added',"
redcap_data_quality_resolutions,user_id,"int(10) DEFAULT NULL COMMENT 'Current user',"
redcap_data_quality_resolutions,response_requested,"int(1) NOT NULL DEFAULT '0' COMMENT 'Is a response requested?',"
redcap_data_quality_resolutions,response,"enum('DATA_MISSING','TYPOGRAPHICAL_ERROR','CONFIRMED_CORRECT','WRONG_SOURCE','OTHER') COLLATE utf8mb4_unicode_ci DEFAULT NULL COMMENT 'Response category if user responded to query',"
redcap_data_quality_resolutions,comment,"text COLLATE utf8mb4_unicode_ci DEFAULT NULL COMMENT 'Text for comment',"
redcap_data_quality_resolutions,current_query_status,"enum('OPEN','CLOSED','VERIFIED','DEVERIFIED') COLLATE utf8mb4_unicode_ci DEFAULT NULL COMMENT 'Current query status of thread',"
redcap_data_quality_resolutions,upload_doc_id,"int(10) DEFAULT NULL COMMENT 'FK of uploaded document',"
redcap_data_quality_resolutions,field_comment_edited,"int(1) NOT NULL DEFAULT '0' COMMENT 'Denote if field comment was edited',"
redcap_data_quality_rules,rule_id,"int(10) NOT NULL AUTO_INCREMENT,"
redcap_data_quality_rules,project_id,"int(10) DEFAULT NULL,"
redcap_data_quality_rules,rule_order,"int(3) DEFAULT '1',"
redcap_data_quality_rules,rule_name,"text COLLATE utf8mb4_unicode_ci DEFAULT NULL,"
redcap_data_quality_rules,rule_logic,"text COLLATE utf8mb4_unicode_ci DEFAULT NULL,"
redcap_data_quality_rules,real_time_execute,"int(1) NOT NULL DEFAULT '0' COMMENT 'Run in real-time on data entry forms?',"
redcap_data_quality_status,status_id,"int(10) NOT NULL AUTO_INCREMENT,"
redcap_data_quality_status,rule_id,"int(10) DEFAULT NULL COMMENT 'FK from data_quality_rules table',"
redcap_data_quality_status,pd_rule_id,"int(2) DEFAULT NULL COMMENT 'Name of pre-defined rules',"
redcap_data_quality_status,non_rule,"int(1) DEFAULT NULL COMMENT '1 for non-rule, else NULL',"
redcap_data_quality_status,project_id,"int(11) DEFAULT NULL,"
redcap_data_quality_status,record,"varchar(100) COLLATE utf8mb4_unicode_ci DEFAULT NULL,"
redcap_data_quality_status,event_id,"int(10) DEFAULT NULL,"
redcap_data_quality_status,field_name,"varchar(100) COLLATE utf8mb4_unicode_ci DEFAULT NULL COMMENT 'Only used if field-level is required',"
redcap_data_quality_status,repeat_instrument,"varchar(100) COLLATE utf8mb4_unicode_ci DEFAULT NULL,"
redcap_data_quality_status,instance,"smallint(4) NOT NULL DEFAULT '1',"
redcap_data_quality_status,status,"int(2) DEFAULT NULL COMMENT 'Current status of discrepancy',"
redcap_data_quality_status,exclude,"int(1) NOT NULL DEFAULT '0' COMMENT 'Hide from results',"
redcap_data_quality_status,query_status,"enum('OPEN','CLOSED','VERIFIED','DEVERIFIED') COLLATE utf8mb4_unicode_ci DEFAULT NULL COMMENT 'Status of data query',"
redcap_data_quality_status,assigned_user_id,"int(10) DEFAULT NULL COMMENT 'UI ID of user assigned to query',"
redcap_ddp_log_view,ml_id,"int(10) NOT NULL AUTO_INCREMENT,"
redcap_ddp_log_view,time_viewed,"datetime DEFAULT NULL COMMENT 'Time the data was displayed to the user',"
redcap_ddp_log_view,user_id,"int(10) DEFAULT NULL COMMENT 'PK from user_information table',"
redcap_ddp_log_view,project_id,"int(10) DEFAULT NULL,"
redcap_ddp_log_view,source_id,"varchar(255) COLLATE utf8mb4_unicode_ci DEFAULT NULL COMMENT 'ID value from source system (e.g. MRN)',"
redcap_ddp_log_view_data,ml_id,"int(10) DEFAULT NULL COMMENT 'PK from ddp_log_view table',"
redcap_ddp_log_view_data,source_field,"varchar(100) COLLATE utf8mb4_unicode_ci DEFAULT NULL COMMENT 'Field name from source system',"
redcap_ddp_log_view_data,source_timestamp,"datetime DEFAULT NULL COMMENT 'Date of service from source system',"
redcap_ddp_log_view_data,md_id,"int(10) DEFAULT NULL COMMENT 'PK from ddp_records_data table',"
redcap_ddp_mapping,map_id,"int(10) NOT NULL AUTO_INCREMENT,"
redcap_ddp_mapping,external_source_field_name,"varchar(100) COLLATE utf8mb4_unicode_ci DEFAULT NULL COMMENT 'Unique name of field mapped from external data source',"
redcap_ddp_mapping,is_record_identifier,"int(1) DEFAULT NULL COMMENT '1=Yes, Null=No',"
redcap_ddp_mapping,project_id,"int(10) DEFAULT NULL,"
redcap_ddp_mapping,event_id,"int(10) DEFAULT NULL,"
redcap_ddp_mapping,field_name,"varchar(100) COLLATE utf8mb4_unicode_ci DEFAULT NULL,"
redcap_ddp_mapping,temporal_field,"varchar(100) COLLATE utf8mb4_unicode_ci DEFAULT NULL COMMENT 'REDCap date field',"
redcap_ddp_mapping,preselect,"enum('MIN','MAX','FIRST','LAST','NEAR') COLLATE utf8mb4_unicode_ci DEFAULT NULL COMMENT 'Preselect a source value for temporal fields only',"
redcap_ddp_preview_fields,project_id,"int(10) NOT NULL,"
redcap_ddp_preview_fields,field1,"varchar(100) COLLATE utf8mb4_unicode_ci DEFAULT NULL,"
redcap_ddp_preview_fields,field2,"varchar(100) COLLATE utf8mb4_unicode_ci DEFAULT NULL,"
redcap_ddp_preview_fields,field3,"varchar(100) COLLATE utf8mb4_unicode_ci DEFAULT NULL,"
redcap_ddp_preview_fields,field4,"varchar(100) COLLATE utf8mb4_unicode_ci DEFAULT NULL,"
redcap_ddp_preview_fields,field5,"varchar(100) COLLATE utf8mb4_unicode_ci DEFAULT NULL,"
redcap_ddp_records,mr_id,"int(10) NOT NULL AUTO_INCREMENT,"
redcap_ddp_records,project_id,"int(10) DEFAULT NULL,"
redcap_ddp_records,record,"varchar(100) COLLATE utf8mb4_unicode_ci DEFAULT NULL,"
redcap_ddp_records,updated_at,"datetime DEFAULT NULL COMMENT 'Time of last data fetch',"
redcap_ddp_records,item_count,"int(10) DEFAULT NULL COMMENT 'New item count (as of last viewing)',"
redcap_ddp_records,fetch_status,"enum('QUEUED','FETCHING') COLLATE utf8mb4_unicode_ci DEFAULT NULL COMMENT 'Current status of data fetch for this record',"
redcap_ddp_records,future_date_count,"int(10) NOT NULL DEFAULT '0' COMMENT 'Count of datetime reference fields with values in the future',"
redcap_ddp_records_data,md_id,"int(10) NOT NULL AUTO_INCREMENT,"
redcap_ddp_records_data,map_id,"int(10) NOT NULL COMMENT 'PK from ddp_mapping table',"
redcap_ddp_records_data,mr_id,"int(10) DEFAULT NULL COMMENT 'PK from ddp_records table',"
redcap_ddp_records_data,source_timestamp,"datetime DEFAULT NULL COMMENT 'Date of service from source system',"
redcap_ddp_records_data,source_value,"text COLLATE utf8mb4_unicode_ci DEFAULT NULL COMMENT 'Encrypted data value from source system',"
redcap_ddp_records_data,source_value2,"text COLLATE utf8mb4_unicode_ci DEFAULT NULL,"
redcap_ddp_records_data,adjudicated,"int(1) NOT NULL DEFAULT '0' COMMENT 'Has source value been adjudicated?',"
redcap_ddp_records_data,exclude,"int(1) NOT NULL DEFAULT '0' COMMENT 'Has source value been excluded?',"
redcap_descriptive_popups,popup_id,"int(10) NOT NULL AUTO_INCREMENT,"
redcap_descriptive_popups,project_id,"int(10) DEFAULT NULL,"
redcap_descriptive_popups,hex_link_color,"char(7) COLLATE utf8mb4_unicode_ci DEFAULT NULL,"
redcap_descriptive_popups,inline_text,"varchar(100) COLLATE utf8mb4_unicode_ci DEFAULT NULL,"
redcap_descriptive_popups,inline_text_popup_description,"text COLLATE utf8mb4_unicode_ci DEFAULT NULL,"
redcap_descriptive_popups,active_on_surveys,"tinyint(1) NOT NULL DEFAULT '1',"
redcap_descriptive_popups,active_on_data_entry_forms,"tinyint(1) NOT NULL DEFAULT '1',"
redcap_descriptive_popups,first_occurrence_only,"tinyint(1) NOT NULL DEFAULT '0',"
redcap_descriptive_popups,list_instruments,"longtext COLLATE utf8mb4_unicode_ci DEFAULT NULL,"
redcap_descriptive_popups,list_survey_pages,"longtext COLLATE utf8mb4_unicode_ci DEFAULT NULL,"
redcap_docs,docs_id,"int(11) NOT NULL AUTO_INCREMENT,"
redcap_docs,project_id,"int(10) NOT NULL DEFAULT '0',"
redcap_docs,docs_date,"date DEFAULT NULL,"
redcap_docs,docs_name,"varchar(255) COLLATE utf8mb4_unicode_ci DEFAULT NULL,"
redcap_docs,docs_size,"double DEFAULT NULL,"
redcap_docs,docs_type,"text COLLATE utf8mb4_unicode_ci DEFAULT NULL,"
redcap_docs,docs_file,"longblob DEFAULT NULL,"
redcap_docs,docs_comment,"text COLLATE utf8mb4_unicode_ci DEFAULT NULL,"
redcap_docs,docs_rights,"text COLLATE utf8mb4_unicode_ci DEFAULT NULL,"
redcap_docs,export_file,"int(1) NOT NULL DEFAULT '0',"
redcap_docs,temp,"int(1) NOT NULL DEFAULT '0' COMMENT 'Is file only a temp file?',"
redcap_docs_attachments,docs_id,"int(10) NOT NULL,"
redcap_docs_folders,folder_id,"int(10) NOT NULL AUTO_INCREMENT,"
redcap_docs_folders,project_id,"int(11) DEFAULT NULL,"
redcap_docs_folders,name,"varchar(150) COLLATE utf8mb4_unicode_ci DEFAULT NULL,"
redcap_docs_folders,parent_folder_id,"int(10) DEFAULT NULL,"
redcap_docs_folders,dag_id,"int(11) DEFAULT NULL COMMENT 'DAG association',"
redcap_docs_folders,role_id,"int(10) DEFAULT NULL COMMENT 'User role association',"
redcap_docs_folders,admin_only,"tinyint(1) NOT NULL DEFAULT '0',"
redcap_docs_folders,deleted,"tinyint(1) NOT NULL DEFAULT '0',"
redcap_docs_folders_files,docs_id,"int(10) NOT NULL,"
redcap_docs_folders_files,folder_id,"int(10) DEFAULT NULL,"
redcap_docs_share,docs_id,"int(10) NOT NULL AUTO_INCREMENT,"
redcap_docs_share,hash,"varchar(100) CHARACTER SET latin1 COLLATE latin1_general_cs DEFAULT NULL,"
redcap_docs_to_edocs,docs_id,"int(11) NOT NULL COMMENT 'PK redcap_docs',"
redcap_docs_to_edocs,doc_id,"int(11) NOT NULL COMMENT 'PK redcap_edocs_metadata',"
redcap_econsent,consent_id,"int(10) NOT NULL AUTO_INCREMENT,"
redcap_econsent,project_id,"int(10) DEFAULT NULL,"
redcap_econsent,survey_id,"int(10) DEFAULT NULL,"
redcap_econsent,version,"varchar(64) COLLATE utf8mb4_unicode_ci DEFAULT NULL,"
redcap_econsent,active,"tinyint(1) NOT NULL DEFAULT '0',"
redcap_econsent,type_label,"varchar(64) COLLATE utf8mb4_unicode_ci DEFAULT NULL,"
redcap_econsent,custom_econsent_label,"text COLLATE utf8mb4_unicode_ci DEFAULT NULL,"
redcap_econsent,notes,"text COLLATE utf8mb4_unicode_ci DEFAULT NULL,"
redcap_econsent,firstname_field,"varchar(100) COLLATE utf8mb4_unicode_ci DEFAULT NULL,"
redcap_econsent,firstname_event_id,"int(11) DEFAULT NULL,"
redcap_econsent,lastname_field,"varchar(100) COLLATE utf8mb4_unicode_ci DEFAULT NULL,"
redcap_econsent,lastname_event_id,"int(11) DEFAULT NULL,"
redcap_econsent,dob_field,"varchar(100) COLLATE utf8mb4_unicode_ci DEFAULT NULL,"
redcap_econsent,dob_event_id,"int(11) DEFAULT NULL,"
redcap_econsent,allow_edit,"tinyint(1) NOT NULL DEFAULT '0',"
redcap_econsent,signature_field1,"varchar(100) COLLATE utf8mb4_unicode_ci DEFAULT NULL,"
redcap_econsent,signature_field2,"varchar(100) COLLATE utf8mb4_unicode_ci DEFAULT NULL,"
redcap_econsent,signature_field3,"varchar(100) COLLATE utf8mb4_unicode_ci DEFAULT NULL,"
redcap_econsent,signature_field4,"varchar(100) COLLATE utf8mb4_unicode_ci DEFAULT NULL,"
redcap_econsent,signature_field5,"varchar(100) COLLATE utf8mb4_unicode_ci DEFAULT NULL,"
redcap_econsent,consent_form_location_field,"varchar(100) COLLATE utf8mb4_unicode_ci DEFAULT NULL COMMENT 'Display consent form below this field',"
redcap_econsent_forms,consent_form_id,"int(10) NOT NULL AUTO_INCREMENT,"
redcap_econsent_forms,consent_id,"int(10) DEFAULT NULL,"
redcap_econsent_forms,version,"varchar(64) COLLATE utf8mb4_unicode_ci DEFAULT NULL,"
redcap_econsent_forms,consent_form_active,"tinyint(1) DEFAULT NULL COMMENT 'null=Inactive, 1=Active',"
redcap_econsent_forms,creation_time,"datetime DEFAULT NULL,"
redcap_econsent_forms,uploader,"int(10) DEFAULT NULL,"
redcap_econsent_forms,consent_form_pdf_doc_id,"int(10) DEFAULT NULL COMMENT 'Consent form PDF document',"
redcap_econsent_forms,consent_form_richtext,"mediumtext COLLATE utf8mb4_unicode_ci DEFAULT NULL COMMENT 'Consent form text (alternate to PDF)',"
redcap_econsent_forms,consent_form_filter_dag_id,"int(10) DEFAULT NULL COMMENT 'Consent form DAG filter',"
redcap_econsent_forms,consent_form_filter_lang_id,"varchar(50) COLLATE utf8mb4_unicode_ci DEFAULT NULL COMMENT 'Consent form MLM filter',"
redcap_edocs_data_mapping,doc_id,"int(10) NOT NULL,"
redcap_edocs_data_mapping,project_id,"int(10) DEFAULT NULL,"
redcap_edocs_data_mapping,event_id,"int(10) DEFAULT NULL,"
redcap_edocs_data_mapping,record,"varchar(100) COLLATE utf8mb4_unicode_ci DEFAULT NULL,"
redcap_edocs_data_mapping,field_name,"varchar(100) COLLATE utf8mb4_unicode_ci DEFAULT NULL,"
redcap_edocs_data_mapping,instance,"smallint(4) DEFAULT NULL,"
redcap_edocs_metadata,doc_id,"int(10) NOT NULL AUTO_INCREMENT,"
redcap_edocs_metadata,stored_name,"varchar(255) COLLATE utf8mb4_unicode_ci DEFAULT NULL COMMENT 'stored name',"
redcap_edocs_metadata,mime_type,"varchar(255) COLLATE utf8mb4_unicode_ci DEFAULT NULL,"
redcap_edocs_metadata,doc_name,"varchar(255) COLLATE utf8mb4_unicode_ci DEFAULT NULL,"
redcap_edocs_metadata,doc_size,"int(10) DEFAULT NULL,"
redcap_edocs_metadata,file_extension,"varchar(20) COLLATE utf8mb4_unicode_ci DEFAULT NULL,"
redcap_edocs_metadata,gzipped,"int(1) NOT NULL DEFAULT '0' COMMENT 'Is file gzip compressed?',"
redcap_edocs_metadata,project_id,"int(10) DEFAULT NULL,"
redcap_edocs_metadata,stored_date,"datetime DEFAULT NULL COMMENT 'stored date',"
redcap_edocs_metadata,delete_date,"datetime DEFAULT NULL COMMENT 'date deleted',"
redcap_edocs_metadata,date_deleted_server,"datetime DEFAULT NULL COMMENT 'When really deleted from server',"
redcap_ehr_access_tokens,patient,"varchar(191) COLLATE utf8mb4_unicode_ci DEFAULT NULL,"
redcap_ehr_access_tokens,mrn,"varchar(191) COLLATE utf8mb4_unicode_ci DEFAULT NULL COMMENT 'If different from patient id',"
redcap_ehr_access_tokens,token_owner,"int(11) DEFAULT NULL COMMENT 'REDCap User ID',"
redcap_ehr_access_tokens,expiration,"datetime DEFAULT NULL,"
redcap_ehr_access_tokens,access_token,"text COLLATE utf8mb4_unicode_ci DEFAULT NULL,"
redcap_ehr_access_tokens,refresh_token,"text COLLATE utf8mb4_unicode_ci DEFAULT NULL,"
redcap_ehr_access_tokens,permission_Patient,"tinyint(1) DEFAULT NULL,"
redcap_ehr_access_tokens,permission_Observation,"tinyint(1) DEFAULT NULL,"
redcap_ehr_access_tokens,permission_Condition,"tinyint(1) DEFAULT NULL,"
redcap_ehr_access_tokens,permission_MedicationOrder,"tinyint(1) DEFAULT NULL,"
redcap_ehr_access_tokens,permission_AllergyIntolerance,"tinyint(1) DEFAULT NULL,"
redcap_ehr_access_tokens,ehr_id,"int(11) DEFAULT NULL,"
redcap_ehr_datamart_revisions,id,"int(11) unsigned NOT NULL AUTO_INCREMENT,"
redcap_ehr_datamart_revisions,project_id,"int(11) DEFAULT NULL,"
redcap_ehr_datamart_revisions,request_id,"int(11) DEFAULT NULL,"
redcap_ehr_datamart_revisions,user_id,"int(11) DEFAULT NULL,"
redcap_ehr_datamart_revisions,mrns,"mediumtext COLLATE utf8mb4_unicode_ci DEFAULT NULL,"
redcap_ehr_datamart_revisions,date_min,"date DEFAULT NULL,"
redcap_ehr_datamart_revisions,date_max,"date DEFAULT NULL,"
redcap_ehr_datamart_revisions,fields,"mediumtext COLLATE utf8mb4_unicode_ci DEFAULT NULL,"
redcap_ehr_datamart_revisions,date_range_categories,"text COLLATE utf8mb4_unicode_ci DEFAULT NULL,"
redcap_ehr_datamart_revisions,approved,"tinyint(1) NOT NULL DEFAULT '0',"
redcap_ehr_datamart_revisions,is_deleted,"tinyint(1) NOT NULL DEFAULT '0',"
redcap_ehr_datamart_revisions,created_at,"timestamp NOT NULL DEFAULT CURRENT_TIMESTAMP,"
redcap_ehr_datamart_revisions,executed_at,"timestamp NULL DEFAULT NULL,"
redcap_ehr_fhir_logs,id,"int(11) NOT NULL AUTO_INCREMENT,"
redcap_ehr_fhir_logs,user_id,"int(11) DEFAULT NULL,"
redcap_ehr_fhir_logs,fhir_id,"varchar(191) COLLATE utf8mb4_unicode_ci NOT NULL DEFAULT '',"
redcap_ehr_fhir_logs,project_id,"int(11) DEFAULT NULL COMMENT 'project ID is NULL during an EHR launch',"
redcap_ehr_fhir_logs,resource_type,"varchar(191) COLLATE utf8mb4_unicode_ci NOT NULL DEFAULT '',"
redcap_ehr_fhir_logs,status,"int(11) NOT NULL,"
redcap_ehr_fhir_logs,environment,"varchar(191) COLLATE utf8mb4_unicode_ci DEFAULT NULL COMMENT 'CRON or direct user request',"
redcap_ehr_fhir_logs,created_at,"datetime DEFAULT NULL,"
redcap_ehr_fhir_logs,mrn,"varchar(191) COLLATE utf8mb4_unicode_ci NOT NULL DEFAULT '',"
redcap_ehr_fhir_logs,ehr_id,"int(11) DEFAULT NULL,"
redcap_ehr_import_counts,id,"int(11) NOT NULL AUTO_INCREMENT,"
redcap_ehr_import_counts,ts,"datetime DEFAULT NULL,"
redcap_ehr_import_counts,type,"enum('CDP','CDM','CDP-I') COLLATE utf8mb4_unicode_ci NOT NULL DEFAULT 'CDP',"
redcap_ehr_import_counts,adjudicated,"tinyint(1) NOT NULL DEFAULT '0',"
redcap_ehr_import_counts,project_id,"int(11) DEFAULT NULL,"
redcap_ehr_import_counts,record,"varchar(100) COLLATE utf8mb4_unicode_ci DEFAULT NULL,"
redcap_ehr_import_counts,counts_Patient,"mediumint(7) DEFAULT '0',"
redcap_ehr_import_counts,counts_Observation,"mediumint(7) DEFAULT '0',"
redcap_ehr_import_counts,counts_Condition,"mediumint(7) DEFAULT '0',"
redcap_ehr_import_counts,counts_Medication,"mediumint(7) DEFAULT '0',"
redcap_ehr_import_counts,counts_AllergyIntolerance,"mediumint(7) DEFAULT '0',"
redcap_ehr_import_counts,counts_Encounter,"mediumint(7) DEFAULT '0',"
redcap_ehr_import_counts,counts_Immunization,"mediumint(7) DEFAULT '0',"
redcap_ehr_import_counts,counts_AdverseEvent,"mediumint(7) DEFAULT '0',"
redcap_ehr_resource_import_details,count_id,"int(11) NOT NULL AUTO_INCREMENT,"
redcap_ehr_resource_import_details,ehr_import_count_id,"int(11) NOT NULL,"
redcap_ehr_resource_import_details,category,"varchar(50) COLLATE utf8mb4_unicode_ci NOT NULL,"
redcap_ehr_resource_import_details,resource,"varchar(50) COLLATE utf8mb4_unicode_ci NOT NULL,"
redcap_ehr_resource_import_details,count,"mediumint(7) DEFAULT '0',"
redcap_ehr_resource_imports,id,"int(11) NOT NULL AUTO_INCREMENT,"
redcap_ehr_resource_imports,ts,"datetime DEFAULT NULL,"
redcap_ehr_resource_imports,type,"enum('CDP','CDM','CDP-I') COLLATE utf8mb4_unicode_ci NOT NULL DEFAULT 'CDP',"
redcap_ehr_resource_imports,adjudicated,"tinyint(1) NOT NULL DEFAULT '0',"
redcap_ehr_resource_imports,project_id,"int(11) DEFAULT NULL,"
redcap_ehr_resource_imports,record,"varchar(100) COLLATE utf8mb4_unicode_ci DEFAULT NULL,"
redcap_ehr_resource_imports,ehr_id,"int(11) DEFAULT NULL,"
redcap_ehr_settings,ehr_id,"int(11) NOT NULL AUTO_INCREMENT,"
redcap_ehr_settings,order,"int(10) NOT NULL DEFAULT '1',"
redcap_ehr_settings,ehr_name,"varchar(255) COLLATE utf8mb4_unicode_ci DEFAULT NULL,"
redcap_ehr_settings,client_id,"varchar(255) COLLATE utf8mb4_unicode_ci DEFAULT NULL,"
redcap_ehr_settings,client_secret,"varchar(255) COLLATE utf8mb4_unicode_ci DEFAULT NULL,"
redcap_ehr_settings,fhir_base_url,"varchar(255) COLLATE utf8mb4_unicode_ci DEFAULT NULL,"
redcap_ehr_settings,fhir_token_url,"varchar(255) COLLATE utf8mb4_unicode_ci DEFAULT NULL,"
redcap_ehr_settings,fhir_authorize_url,"varchar(255) COLLATE utf8mb4_unicode_ci DEFAULT NULL,"
redcap_ehr_settings,fhir_identity_provider,"varchar(255) COLLATE utf8mb4_unicode_ci DEFAULT NULL,"
redcap_ehr_settings,patient_identifier_string,"varchar(255) COLLATE utf8mb4_unicode_ci DEFAULT NULL,"
redcap_ehr_settings,fhir_custom_auth_params,"varchar(255) COLLATE utf8mb4_unicode_ci DEFAULT NULL,"
redcap_ehr_token_rules,id,"int(11) NOT NULL AUTO_INCREMENT,"
redcap_ehr_token_rules,project_id,"int(11) NOT NULL,"
redcap_ehr_token_rules,user_id,"int(11) DEFAULT NULL,"
redcap_ehr_token_rules,priority,"int(11) NOT NULL,"
redcap_ehr_token_rules,allow,"tinyint(1) NOT NULL DEFAULT '1',"
redcap_ehr_token_rules,created_at,"datetime DEFAULT NULL,"
redcap_ehr_token_rules,updated_at,"datetime DEFAULT NULL,"
redcap_ehr_user_map,ehr_username,"varchar(191) COLLATE utf8mb4_unicode_ci DEFAULT NULL,"
redcap_ehr_user_map,redcap_userid,"int(11) DEFAULT NULL,"
redcap_ehr_user_map,ehr_id,"int(11) DEFAULT NULL,"
redcap_ehr_user_projects,project_id,"int(11) DEFAULT NULL,"
redcap_ehr_user_projects,redcap_userid,"int(11) DEFAULT NULL,"
redcap_email_users_messages,id,"int(11) NOT NULL AUTO_INCREMENT,"
redcap_email_users_messages,subject,"text COLLATE utf8mb4_unicode_ci NOT NULL,"
redcap_email_users_messages,body,"text COLLATE utf8mb4_unicode_ci NOT NULL,"
redcap_email_users_messages,sent_by,"int(11) NOT NULL,"
redcap_email_users_messages,created_at,"datetime DEFAULT NULL,"
redcap_email_users_queries,id,"int(11) NOT NULL AUTO_INCREMENT,"
redcap_email_users_queries,name,"text COLLATE utf8mb4_unicode_ci NOT NULL,"
redcap_email_users_queries,description,"text COLLATE utf8mb4_unicode_ci NOT NULL,"
redcap_email_users_queries,query,"text COLLATE utf8mb4_unicode_ci NOT NULL,"
redcap_email_users_queries,created_at,"datetime DEFAULT NULL,"
redcap_error_log,error_id,"int(10) NOT NULL AUTO_INCREMENT,"
redcap_error_log,log_view_id,"bigint(19) DEFAULT NULL,"
redcap_error_log,time_of_error,"datetime DEFAULT NULL,"
redcap_error_log,error,"text COLLATE utf8mb4_unicode_ci DEFAULT NULL,"
redcap_esignatures,esign_id,"int(11) NOT NULL AUTO_INCREMENT,"
redcap_esignatures,project_id,"int(10) DEFAULT NULL,"
redcap_esignatures,record,"varchar(100) COLLATE utf8mb4_unicode_ci DEFAULT NULL,"
redcap_esignatures,event_id,"int(10) DEFAULT NULL,"
redcap_esignatures,form_name,"varchar(100) COLLATE utf8mb4_unicode_ci DEFAULT NULL,"
redcap_esignatures,instance,"smallint(4) NOT NULL DEFAULT '1',"
redcap_esignatures,username,"varchar(255) COLLATE utf8mb4_unicode_ci DEFAULT NULL,"
redcap_esignatures,timestamp,"datetime DEFAULT NULL,"
redcap_events_arms,arm_id,"int(10) NOT NULL AUTO_INCREMENT,"
redcap_events_arms,project_id,"int(10) NOT NULL DEFAULT '0',"
redcap_events_arms,arm_num,"int(2) NOT NULL DEFAULT '1',"
redcap_events_arms,arm_name,"varchar(50) COLLATE utf8mb4_unicode_ci NOT NULL DEFAULT 'Arm 1',"
redcap_events_calendar,cal_id,"int(10) NOT NULL AUTO_INCREMENT,"
redcap_events_calendar,record,"varchar(50) COLLATE utf8mb4_unicode_ci DEFAULT NULL,"
redcap_events_calendar,project_id,"int(10) DEFAULT NULL,"
redcap_events_calendar,event_id,"int(10) DEFAULT NULL,"
redcap_events_calendar,baseline_date,"date DEFAULT NULL,"
redcap_events_calendar,group_id,"int(10) DEFAULT NULL,"
redcap_events_calendar,event_date,"date DEFAULT NULL,"
redcap_events_calendar,event_time,"varchar(5) COLLATE utf8mb4_unicode_ci DEFAULT NULL COMMENT 'HH:MM',"
redcap_events_calendar,event_status,"int(2) DEFAULT NULL COMMENT 'NULL=Ad Hoc, 0=Due Date, 1=Scheduled, 2=Confirmed, 3=Cancelled, 4=No Show',"
redcap_events_calendar,note_type,"int(2) DEFAULT NULL,"
redcap_events_calendar,notes,"text COLLATE utf8mb4_unicode_ci DEFAULT NULL,"
redcap_events_calendar,extra_notes,"text COLLATE utf8mb4_unicode_ci DEFAULT NULL,"
redcap_events_calendar_feed,feed_id,"int(10) NOT NULL AUTO_INCREMENT,"
redcap_events_calendar_feed,project_id,"int(10) DEFAULT NULL,"
redcap_events_calendar_feed,record,"varchar(100) COLLATE utf8mb4_unicode_ci DEFAULT NULL,"
redcap_events_calendar_feed,userid,"int(11) DEFAULT NULL COMMENT 'NULL=survey participant',"
redcap_events_calendar_feed,hash,"varchar(100) CHARACTER SET latin1 COLLATE latin1_general_cs DEFAULT NULL,"
redcap_events_forms,event_id,"int(10) NOT NULL DEFAULT '0',"
redcap_events_forms,form_name,"varchar(100) COLLATE utf8mb4_unicode_ci NOT NULL DEFAULT '',"
redcap_events_metadata,event_id,"int(10) NOT NULL AUTO_INCREMENT,"
redcap_events_metadata,arm_id,"int(10) NOT NULL DEFAULT '0' COMMENT 'FK for events_arms',"
redcap_events_metadata,day_offset,"float NOT NULL DEFAULT '0' COMMENT 'Days from Start Date',"
redcap_events_metadata,offset_min,"float NOT NULL DEFAULT '0',"
redcap_events_metadata,offset_max,"float NOT NULL DEFAULT '0',"
redcap_events_metadata,descrip,"varchar(64) COLLATE utf8mb4_unicode_ci NOT NULL DEFAULT 'Event 1' COMMENT 'Event Name',"
redcap_events_metadata,external_id,"varchar(255) COLLATE utf8mb4_unicode_ci DEFAULT NULL,"
redcap_events_metadata,custom_event_label,"text COLLATE utf8mb4_unicode_ci DEFAULT NULL,"
redcap_events_repeat,event_id,"int(10) DEFAULT NULL,"
redcap_events_repeat,form_name,"varchar(100) COLLATE utf8mb4_unicode_ci DEFAULT NULL,"
redcap_events_repeat,custom_repeat_form_label,"text COLLATE utf8mb4_unicode_ci DEFAULT NULL,"
redcap_external_links,ext_id,"int(10) NOT NULL AUTO_INCREMENT,"
redcap_external_links,project_id,"int(10) DEFAULT NULL,"
redcap_external_links,link_order,"int(5) NOT NULL DEFAULT '1',"
redcap_external_links,link_url,"text COLLATE utf8mb4_unicode_ci DEFAULT NULL,"
redcap_external_links,link_label,"text COLLATE utf8mb4_unicode_ci DEFAULT NULL,"
redcap_external_links,open_new_window,"int(10) NOT NULL DEFAULT '0',"
redcap_external_links,link_type,"enum('LINK','POST_AUTHKEY','REDCAP_PROJECT') COLLATE utf8mb4_unicode_ci NOT NULL DEFAULT 'LINK',"
redcap_external_links,user_access,"enum('ALL','DAG','SELECTED') COLLATE utf8mb4_unicode_ci NOT NULL DEFAULT 'ALL',"
redcap_external_links,append_record_info,"int(1) NOT NULL DEFAULT '0' COMMENT 'Append record and event to URL',"
redcap_external_links,append_pid,"int(1) NOT NULL DEFAULT '0' COMMENT 'Append project_id to URL',"
redcap_external_links,link_to_project_id,"int(10) DEFAULT NULL,"
redcap_external_links_dags,ext_id,"int(11) NOT NULL AUTO_INCREMENT,"
redcap_external_links_dags,group_id,"int(10) NOT NULL DEFAULT '0',"
redcap_external_links_exclude_projects,ext_id,"int(11) NOT NULL AUTO_INCREMENT,"
redcap_external_links_exclude_projects,project_id,"int(10) NOT NULL DEFAULT '0',"
redcap_external_links_users,ext_id,"int(11) NOT NULL AUTO_INCREMENT,"
redcap_external_links_users,username,"varchar(191) COLLATE utf8mb4_unicode_ci NOT NULL DEFAULT '',"
redcap_external_module_settings,external_module_id,"int(11) NOT NULL,"
redcap_external_module_settings,project_id,"int(11) DEFAULT NULL,"
redcap_external_module_settings,key,"varchar(255) COLLATE utf8mb4_unicode_ci NOT NULL,"
redcap_external_module_settings,type,"varchar(12) COLLATE utf8mb4_unicode_ci NOT NULL DEFAULT 'string',"
redcap_external_module_settings,value,"mediumtext COLLATE utf8mb4_unicode_ci NOT NULL,"
redcap_external_modules,external_module_id,"int(11) NOT NULL AUTO_INCREMENT,"
redcap_external_modules,directory_prefix,"varchar(191) COLLATE utf8mb4_unicode_ci NOT NULL,"
redcap_external_modules_downloads,module_name,"varchar(191) COLLATE utf8mb4_unicode_ci NOT NULL,"
redcap_external_modules_downloads,module_id,"int(11) DEFAULT NULL,"
redcap_external_modules_downloads,time_downloaded,"datetime DEFAULT NULL,"
redcap_external_modules_downloads,time_deleted,"datetime DEFAULT NULL,"
redcap_external_modules_log,log_id,"bigint(20) unsigned NOT NULL AUTO_INCREMENT,"
redcap_external_modules_log,timestamp,"datetime NOT NULL,"
redcap_external_modules_log,ui_id,"int(11) DEFAULT NULL,"
redcap_external_modules_log,ip,"varchar(100) COLLATE utf8mb4_unicode_ci DEFAULT NULL,"
redcap_external_modules_log,external_module_id,"int(11) DEFAULT NULL,"
redcap_external_modules_log,project_id,"int(11) DEFAULT NULL,"
redcap_external_modules_log,record,"varchar(100) COLLATE utf8mb4_unicode_ci DEFAULT NULL,"
redcap_external_modules_log,message,"mediumtext COLLATE utf8mb4_unicode_ci NOT NULL,"
redcap_external_modules_log_parameters,log_id,"bigint(20) unsigned NOT NULL,"
redcap_external_modules_log_parameters,name,"varchar(255) COLLATE utf8mb4_unicode_ci NOT NULL,"
redcap_external_modules_log_parameters,value,"mediumtext COLLATE utf8mb4_unicode_ci NOT NULL,"
redcap_folders,folder_id,"int(10) NOT NULL AUTO_INCREMENT,"
redcap_folders,ui_id,"int(10) DEFAULT NULL,"
redcap_folders,name,"varchar(64) COLLATE utf8mb4_unicode_ci DEFAULT NULL,"
redcap_folders,position,"int(10) DEFAULT NULL,"
redcap_folders,foreground,"varchar(6) COLLATE utf8mb4_unicode_ci DEFAULT NULL,"
redcap_folders,background,"varchar(6) COLLATE utf8mb4_unicode_ci DEFAULT NULL,"
redcap_folders,collapsed,"tinyint(1) NOT NULL DEFAULT '0',"
redcap_folders_projects,ui_id,"int(10) DEFAULT NULL,"
redcap_folders_projects,project_id,"int(10) DEFAULT NULL,"
redcap_folders_projects,folder_id,"int(10) DEFAULT NULL,"
redcap_form_display_logic_conditions,control_id,"int(10) NOT NULL AUTO_INCREMENT,"
redcap_form_display_logic_conditions,project_id,"int(10) DEFAULT NULL,"
redcap_form_display_logic_conditions,control_condition,"text COLLATE utf8mb4_unicode_ci DEFAULT NULL,"
redcap_form_display_logic_conditions,apply_to_data_entry,"tinyint(1) NOT NULL DEFAULT '1',"
redcap_form_display_logic_conditions,apply_to_survey,"tinyint(1) NOT NULL DEFAULT '0',"
redcap_form_display_logic_conditions,apply_to_mycap,"tinyint(1) NOT NULL DEFAULT '0',"
redcap_form_display_logic_targets,control_id,"int(10) DEFAULT NULL,"
redcap_form_display_logic_targets,form_name,"varchar(100) COLLATE utf8mb4_unicode_ci DEFAULT NULL,"
redcap_form_display_logic_targets,event_id,"int(10) DEFAULT NULL,"
redcap_forms,project_id,"int(10) DEFAULT NULL,"
redcap_forms,form_name,"varchar(100) COLLATE utf8mb4_unicode_ci DEFAULT NULL,"
redcap_forms,custom_css,"text COLLATE utf8mb4_unicode_ci DEFAULT NULL,"
redcap_forms_temp,project_id,"int(10) DEFAULT NULL,"
redcap_forms_temp,form_name,"varchar(100) COLLATE utf8mb4_unicode_ci DEFAULT NULL,"
redcap_forms_temp,custom_css,"text COLLATE utf8mb4_unicode_ci DEFAULT NULL,"
redcap_history_size,date,"date NOT NULL DEFAULT '1000-01-01',"
redcap_history_size,size_db,"float DEFAULT NULL COMMENT 'MB',"
redcap_history_size,size_files,"float DEFAULT NULL COMMENT 'MB',"
redcap_history_version,date,"date NOT NULL DEFAULT '1000-01-01',"
redcap_history_version,redcap_version,"varchar(10) COLLATE utf8mb4_unicode_ci NOT NULL,"
redcap_instrument_zip,iza_id,"int(10) NOT NULL DEFAULT '0',"
redcap_instrument_zip,instrument_id,"varchar(191) COLLATE utf8mb4_unicode_ci NOT NULL DEFAULT '',"
redcap_instrument_zip,upload_count,"smallint(5) NOT NULL DEFAULT '1',"
redcap_instrument_zip_authors,iza_id,"int(10) NOT NULL AUTO_INCREMENT,"
redcap_instrument_zip_authors,author_name,"varchar(191) COLLATE utf8mb4_unicode_ci DEFAULT NULL,"
redcap_instrument_zip_origins,server_name,"varchar(191) COLLATE utf8mb4_unicode_ci NOT NULL DEFAULT '',"
redcap_instrument_zip_origins,upload_count,"smallint(5) NOT NULL DEFAULT '1',"
redcap_ip_banned,ip,"varchar(100) COLLATE utf8mb4_unicode_ci NOT NULL,"
redcap_ip_banned,time_of_ban,"timestamp NULL DEFAULT NULL,"
redcap_ip_cache,ip_hash,"varchar(32) COLLATE utf8mb4_unicode_ci NOT NULL,"
redcap_ip_cache,timestamp,"timestamp NULL DEFAULT NULL,"
redcap_library_map,project_id,"int(10) NOT NULL DEFAULT '0',"
redcap_library_map,form_name,"varchar(100) COLLATE utf8mb4_unicode_ci NOT NULL DEFAULT '',"
redcap_library_map,type,"int(11) NOT NULL DEFAULT '0' COMMENT '1 = Downloaded; 2 = Uploaded',"
redcap_library_map,library_id,"int(10) NOT NULL DEFAULT '0',"
redcap_library_map,upload_timestamp,"datetime DEFAULT NULL,"
redcap_library_map,acknowledgement,"text COLLATE utf8mb4_unicode_ci DEFAULT NULL,"
redcap_library_map,acknowledgement_cache,"datetime DEFAULT NULL,"
redcap_library_map,promis_key,"varchar(255) COLLATE utf8mb4_unicode_ci DEFAULT NULL COMMENT 'PROMIS instrument key',"
redcap_library_map,scoring_type,"enum('EACH_ITEM','END_ONLY') COLLATE utf8mb4_unicode_ci DEFAULT NULL COMMENT 'If has scoring, what type?',"
redcap_library_map,battery,"tinyint(1) NOT NULL DEFAULT '0',"
redcap_library_map,promis_battery_key,"varchar(255) COLLATE utf8mb4_unicode_ci DEFAULT NULL COMMENT 'PROMIS battery key',"
redcap_locking_data,ld_id,"int(11) NOT NULL AUTO_INCREMENT,"
redcap_locking_data,project_id,"int(10) DEFAULT NULL,"
redcap_locking_data,record,"varchar(100) COLLATE utf8mb4_unicode_ci DEFAULT NULL,"
redcap_locking_data,event_id,"int(10) DEFAULT NULL,"
redcap_locking_data,form_name,"varchar(100) COLLATE utf8mb4_unicode_ci DEFAULT NULL,"
redcap_locking_data,instance,"smallint(4) NOT NULL DEFAULT '1',"
redcap_locking_data,username,"varchar(191) COLLATE utf8mb4_unicode_ci DEFAULT NULL,"
redcap_locking_data,timestamp,"datetime DEFAULT NULL,"
redcap_locking_labels,ll_id,"int(11) NOT NULL AUTO_INCREMENT,"
redcap_locking_labels,project_id,"int(11) DEFAULT NULL,"
redcap_locking_labels,form_name,"varchar(100) COLLATE utf8mb4_unicode_ci DEFAULT NULL,"
redcap_locking_labels,label,"text COLLATE utf8mb4_unicode_ci DEFAULT NULL,"
redcap_locking_labels,display,"int(1) NOT NULL DEFAULT '1',"
redcap_locking_labels,display_esignature,"int(1) NOT NULL DEFAULT '0',"
redcap_locking_records,lr_id,"int(11) NOT NULL AUTO_INCREMENT,"
redcap_locking_records,project_id,"int(10) DEFAULT NULL,"
redcap_locking_records,record,"varchar(100) COLLATE utf8mb4_unicode_ci DEFAULT NULL,"
redcap_locking_records,arm_id,"int(10) NOT NULL,"
redcap_locking_records,username,"varchar(191) COLLATE utf8mb4_unicode_ci DEFAULT NULL,"
redcap_locking_records,timestamp,"datetime DEFAULT NULL,"
redcap_locking_records_pdf_archive,doc_id,"int(10) DEFAULT NULL,"
redcap_locking_records_pdf_archive,project_id,"int(10) DEFAULT NULL,"
redcap_locking_records_pdf_archive,record,"varchar(100) COLLATE utf8mb4_unicode_ci DEFAULT NULL,"
redcap_locking_records_pdf_archive,arm_id,"int(10) NOT NULL,"
redcap_log_event,log_event_id,"int(11) NOT NULL AUTO_INCREMENT,"
redcap_log_event,project_id,"int(10) NOT NULL DEFAULT '0',"
redcap_log_event,ts,"bigint(14) DEFAULT NULL,"
redcap_log_event,user,"varchar(255) COLLATE utf8mb4_unicode_ci DEFAULT NULL,"
redcap_log_event,ip,"varchar(100) COLLATE utf8mb4_unicode_ci DEFAULT NULL,"
redcap_log_event,page,"varchar(255) COLLATE utf8mb4_unicode_ci DEFAULT NULL,"
redcap_log_event,event,"enum('UPDATE','INSERT','DELETE','SELECT','ERROR','LOGIN','LOGOUT','OTHER','DATA_EXPORT','DOC_UPLOAD','DOC_DELETE','MANAGE','LOCK_RECORD','ESIGNATURE') COLLATE utf8mb4_unicode_ci DEFAULT NULL,"
redcap_log_event,object_type,"varchar(128) COLLATE utf8mb4_unicode_ci DEFAULT NULL,"
redcap_log_event,sql_log,"mediumtext COLLATE utf8mb4_unicode_ci DEFAULT NULL,"
redcap_log_event,pk,"varchar(200) COLLATE utf8mb4_unicode_ci DEFAULT NULL,"
redcap_log_event,event_id,"int(10) DEFAULT NULL,"
redcap_log_event,data_values,"text COLLATE utf8mb4_unicode_ci DEFAULT NULL,"
redcap_log_event,description,"varchar(100) COLLATE utf8mb4_unicode_ci DEFAULT NULL,"
redcap_log_event,legacy,"int(1) NOT NULL DEFAULT '0',"
redcap_log_event,change_reason,"text COLLATE utf8mb4_unicode_ci DEFAULT NULL,"
redcap_log_event10,log_event_id,"int(11) NOT NULL AUTO_INCREMENT,"
redcap_log_event10,project_id,"int(10) NOT NULL DEFAULT '0',"
redcap_log_event10,ts,"bigint(14) DEFAULT NULL,"
redcap_log_event10,user,"varchar(255) COLLATE utf8mb4_unicode_ci DEFAULT NULL,"
redcap_log_event10,ip,"varchar(100) COLLATE utf8mb4_unicode_ci DEFAULT NULL,"
redcap_log_event10,page,"varchar(255) COLLATE utf8mb4_unicode_ci DEFAULT NULL,"
redcap_log_event10,event,"enum('UPDATE','INSERT','DELETE','SELECT','ERROR','LOGIN','LOGOUT','OTHER','DATA_EXPORT','DOC_UPLOAD','DOC_DELETE','MANAGE','LOCK_RECORD','ESIGNATURE') COLLATE utf8mb4_unicode_ci DEFAULT NULL,"
redcap_log_event10,object_type,"varchar(128) COLLATE utf8mb4_unicode_ci DEFAULT NULL,"
redcap_log_event10,sql_log,"mediumtext COLLATE utf8mb4_unicode_ci DEFAULT NULL,"
redcap_log_event10,pk,"varchar(200) COLLATE utf8mb4_unicode_ci DEFAULT NULL,"
redcap_log_event10,event_id,"int(10) DEFAULT NULL,"
redcap_log_event10,data_values,"text COLLATE utf8mb4_unicode_ci DEFAULT NULL,"
redcap_log_event10,description,"varchar(100) COLLATE utf8mb4_unicode_ci DEFAULT NULL,"
redcap_log_event10,legacy,"int(1) NOT NULL DEFAULT '0',"
redcap_log_event10,change_reason,"text COLLATE utf8mb4_unicode_ci DEFAULT NULL,"
redcap_log_event11,log_event_id,"int(11) NOT NULL AUTO_INCREMENT,"
redcap_log_event11,project_id,"int(10) NOT NULL DEFAULT '0',"
redcap_log_event11,ts,"bigint(14) DEFAULT NULL,"
redcap_log_event11,user,"varchar(255) COLLATE utf8mb4_unicode_ci DEFAULT NULL,"
redcap_log_event11,ip,"varchar(100) COLLATE utf8mb4_unicode_ci DEFAULT NULL,"
redcap_log_event11,page,"varchar(255) COLLATE utf8mb4_unicode_ci DEFAULT NULL,"
redcap_log_event11,event,"enum('UPDATE','INSERT','DELETE','SELECT','ERROR','LOGIN','LOGOUT','OTHER','DATA_EXPORT','DOC_UPLOAD','DOC_DELETE','MANAGE','LOCK_RECORD','ESIGNATURE') COLLATE utf8mb4_unicode_ci DEFAULT NULL,"
redcap_log_event11,object_type,"varchar(128) COLLATE utf8mb4_unicode_ci DEFAULT NULL,"
redcap_log_event11,sql_log,"mediumtext COLLATE utf8mb4_unicode_ci DEFAULT NULL,"
redcap_log_event11,pk,"varchar(200) COLLATE utf8mb4_unicode_ci DEFAULT NULL,"
redcap_log_event11,event_id,"int(10) DEFAULT NULL,"
redcap_log_event11,data_values,"text COLLATE utf8mb4_unicode_ci DEFAULT NULL,"
redcap_log_event11,description,"varchar(100) COLLATE utf8mb4_unicode_ci DEFAULT NULL,"
redcap_log_event11,legacy,"int(1) NOT NULL DEFAULT '0',"
redcap_log_event11,change_reason,"text COLLATE utf8mb4_unicode_ci DEFAULT NULL,"
redcap_log_event12,log_event_id,"int(11) NOT NULL AUTO_INCREMENT,"
redcap_log_event12,project_id,"int(10) NOT NULL DEFAULT '0',"
redcap_log_event12,ts,"bigint(14) DEFAULT NULL,"
redcap_log_event12,user,"varchar(255) COLLATE utf8mb4_unicode_ci DEFAULT NULL,"
redcap_log_event12,ip,"varchar(100) COLLATE utf8mb4_unicode_ci DEFAULT NULL,"
redcap_log_event12,page,"varchar(255) COLLATE utf8mb4_unicode_ci DEFAULT NULL,"
redcap_log_event12,event,"enum('UPDATE','INSERT','DELETE','SELECT','ERROR','LOGIN','LOGOUT','OTHER','DATA_EXPORT','DOC_UPLOAD','DOC_DELETE','MANAGE','LOCK_RECORD','ESIGNATURE') COLLATE utf8mb4_unicode_ci DEFAULT NULL,"
redcap_log_event12,object_type,"varchar(128) COLLATE utf8mb4_unicode_ci DEFAULT NULL,"
redcap_log_event12,sql_log,"mediumtext COLLATE utf8mb4_unicode_ci DEFAULT NULL,"
redcap_log_event12,pk,"varchar(200) COLLATE utf8mb4_unicode_ci DEFAULT NULL,"
redcap_log_event12,event_id,"int(10) DEFAULT NULL,"
redcap_log_event12,data_values,"text COLLATE utf8mb4_unicode_ci DEFAULT NULL,"
redcap_log_event12,description,"varchar(100) COLLATE utf8mb4_unicode_ci DEFAULT NULL,"
redcap_log_event12,legacy,"int(1) NOT NULL DEFAULT '0',"
redcap_log_event12,change_reason,"text COLLATE utf8mb4_unicode_ci DEFAULT NULL,"
redcap_log_event2,log_event_id,"int(11) NOT NULL AUTO_INCREMENT,"
redcap_log_event2,project_id,"int(10) NOT NULL DEFAULT '0',"
redcap_log_event2,ts,"bigint(14) DEFAULT NULL,"
redcap_log_event2,user,"varchar(255) COLLATE utf8mb4_unicode_ci DEFAULT NULL,"
redcap_log_event2,ip,"varchar(100) COLLATE utf8mb4_unicode_ci DEFAULT NULL,"
redcap_log_event2,page,"varchar(255) COLLATE utf8mb4_unicode_ci DEFAULT NULL,"
redcap_log_event2,event,"enum('UPDATE','INSERT','DELETE','SELECT','ERROR','LOGIN','LOGOUT','OTHER','DATA_EXPORT','DOC_UPLOAD','DOC_DELETE','MANAGE','LOCK_RECORD','ESIGNATURE') COLLATE utf8mb4_unicode_ci DEFAULT NULL,"
redcap_log_event2,object_type,"varchar(128) COLLATE utf8mb4_unicode_ci DEFAULT NULL,"
redcap_log_event2,sql_log,"mediumtext COLLATE utf8mb4_unicode_ci DEFAULT NULL,"
redcap_log_event2,pk,"varchar(200) COLLATE utf8mb4_unicode_ci DEFAULT NULL,"
redcap_log_event2,event_id,"int(10) DEFAULT NULL,"
redcap_log_event2,data_values,"text COLLATE utf8mb4_unicode_ci DEFAULT NULL,"
redcap_log_event2,description,"varchar(100) COLLATE utf8mb4_unicode_ci DEFAULT NULL,"
redcap_log_event2,legacy,"int(1) NOT NULL DEFAULT '0',"
redcap_log_event2,change_reason,"text COLLATE utf8mb4_unicode_ci DEFAULT NULL,"
redcap_log_event3,log_event_id,"int(11) NOT NULL AUTO_INCREMENT,"
redcap_log_event3,project_id,"int(10) NOT NULL DEFAULT '0',"
redcap_log_event3,ts,"bigint(14) DEFAULT NULL,"
redcap_log_event3,user,"varchar(255) COLLATE utf8mb4_unicode_ci DEFAULT NULL,"
redcap_log_event3,ip,"varchar(100) COLLATE utf8mb4_unicode_ci DEFAULT NULL,"
redcap_log_event3,page,"varchar(255) COLLATE utf8mb4_unicode_ci DEFAULT NULL,"
redcap_log_event3,event,"enum('UPDATE','INSERT','DELETE','SELECT','ERROR','LOGIN','LOGOUT','OTHER','DATA_EXPORT','DOC_UPLOAD','DOC_DELETE','MANAGE','LOCK_RECORD','ESIGNATURE') COLLATE utf8mb4_unicode_ci DEFAULT NULL,"
redcap_log_event3,object_type,"varchar(128) COLLATE utf8mb4_unicode_ci DEFAULT NULL,"
redcap_log_event3,sql_log,"mediumtext COLLATE utf8mb4_unicode_ci DEFAULT NULL,"
redcap_log_event3,pk,"varchar(200) COLLATE utf8mb4_unicode_ci DEFAULT NULL,"
redcap_log_event3,event_id,"int(10) DEFAULT NULL,"
redcap_log_event3,data_values,"text COLLATE utf8mb4_unicode_ci DEFAULT NULL,"
redcap_log_event3,description,"varchar(100) COLLATE utf8mb4_unicode_ci DEFAULT NULL,"
redcap_log_event3,legacy,"int(1) NOT NULL DEFAULT '0',"
redcap_log_event3,change_reason,"text COLLATE utf8mb4_unicode_ci DEFAULT NULL,"
redcap_log_event4,log_event_id,"int(11) NOT NULL AUTO_INCREMENT,"
redcap_log_event4,project_id,"int(10) NOT NULL DEFAULT '0',"
redcap_log_event4,ts,"bigint(14) DEFAULT NULL,"
redcap_log_event4,user,"varchar(255) COLLATE utf8mb4_unicode_ci DEFAULT NULL,"
redcap_log_event4,ip,"varchar(100) COLLATE utf8mb4_unicode_ci DEFAULT NULL,"
redcap_log_event4,page,"varchar(255) COLLATE utf8mb4_unicode_ci DEFAULT NULL,"
redcap_log_event4,event,"enum('UPDATE','INSERT','DELETE','SELECT','ERROR','LOGIN','LOGOUT','OTHER','DATA_EXPORT','DOC_UPLOAD','DOC_DELETE','MANAGE','LOCK_RECORD','ESIGNATURE') COLLATE utf8mb4_unicode_ci DEFAULT NULL,"
redcap_log_event4,object_type,"varchar(128) COLLATE utf8mb4_unicode_ci DEFAULT NULL,"
redcap_log_event4,sql_log,"mediumtext COLLATE utf8mb4_unicode_ci DEFAULT NULL,"
redcap_log_event4,pk,"varchar(200) COLLATE utf8mb4_unicode_ci DEFAULT NULL,"
redcap_log_event4,event_id,"int(10) DEFAULT NULL,"
redcap_log_event4,data_values,"text COLLATE utf8mb4_unicode_ci DEFAULT NULL,"
redcap_log_event4,description,"varchar(100) COLLATE utf8mb4_unicode_ci DEFAULT NULL,"
redcap_log_event4,legacy,"int(1) NOT NULL DEFAULT '0',"
redcap_log_event4,change_reason,"text COLLATE utf8mb4_unicode_ci DEFAULT NULL,"
redcap_log_event5,log_event_id,"int(11) NOT NULL AUTO_INCREMENT,"
redcap_log_event5,project_id,"int(10) NOT NULL DEFAULT '0',"
redcap_log_event5,ts,"bigint(14) DEFAULT NULL,"
redcap_log_event5,user,"varchar(255) COLLATE utf8mb4_unicode_ci DEFAULT NULL,"
redcap_log_event5,ip,"varchar(100) COLLATE utf8mb4_unicode_ci DEFAULT NULL,"
redcap_log_event5,page,"varchar(255) COLLATE utf8mb4_unicode_ci DEFAULT NULL,"
redcap_log_event5,event,"enum('UPDATE','INSERT','DELETE','SELECT','ERROR','LOGIN','LOGOUT','OTHER','DATA_EXPORT','DOC_UPLOAD','DOC_DELETE','MANAGE','LOCK_RECORD','ESIGNATURE') COLLATE utf8mb4_unicode_ci DEFAULT NULL,"
redcap_log_event5,object_type,"varchar(128) COLLATE utf8mb4_unicode_ci DEFAULT NULL,"
redcap_log_event5,sql_log,"mediumtext COLLATE utf8mb4_unicode_ci DEFAULT NULL,"
redcap_log_event5,pk,"varchar(200) COLLATE utf8mb4_unicode_ci DEFAULT NULL,"
redcap_log_event5,event_id,"int(10) DEFAULT NULL,"
redcap_log_event5,data_values,"text COLLATE utf8mb4_unicode_ci DEFAULT NULL,"
redcap_log_event5,description,"varchar(100) COLLATE utf8mb4_unicode_ci DEFAULT NULL,"
redcap_log_event5,legacy,"int(1) NOT NULL DEFAULT '0',"
redcap_log_event5,change_reason,"text COLLATE utf8mb4_unicode_ci DEFAULT NULL,"
redcap_log_event6,log_event_id,"int(11) NOT NULL AUTO_INCREMENT,"
redcap_log_event6,project_id,"int(10) NOT NULL DEFAULT '0',"
redcap_log_event6,ts,"bigint(14) DEFAULT NULL,"
redcap_log_event6,user,"varchar(255) COLLATE utf8mb4_unicode_ci DEFAULT NULL,"
redcap_log_event6,ip,"varchar(100) COLLATE utf8mb4_unicode_ci DEFAULT NULL,"
redcap_log_event6,page,"varchar(255) COLLATE utf8mb4_unicode_ci DEFAULT NULL,"
redcap_log_event6,event,"enum('UPDATE','INSERT','DELETE','SELECT','ERROR','LOGIN','LOGOUT','OTHER','DATA_EXPORT','DOC_UPLOAD','DOC_DELETE','MANAGE','LOCK_RECORD','ESIGNATURE') COLLATE utf8mb4_unicode_ci DEFAULT NULL,"
redcap_log_event6,object_type,"varchar(128) COLLATE utf8mb4_unicode_ci DEFAULT NULL,"
redcap_log_event6,sql_log,"mediumtext COLLATE utf8mb4_unicode_ci DEFAULT NULL,"
redcap_log_event6,pk,"varchar(200) COLLATE utf8mb4_unicode_ci DEFAULT NULL,"
redcap_log_event6,event_id,"int(10) DEFAULT NULL,"
redcap_log_event6,data_values,"text COLLATE utf8mb4_unicode_ci DEFAULT NULL,"
redcap_log_event6,description,"varchar(100) COLLATE utf8mb4_unicode_ci DEFAULT NULL,"
redcap_log_event6,legacy,"int(1) NOT NULL DEFAULT '0',"
redcap_log_event6,change_reason,"text COLLATE utf8mb4_unicode_ci DEFAULT NULL,"
redcap_log_event7,log_event_id,"int(11) NOT NULL AUTO_INCREMENT,"
redcap_log_event7,project_id,"int(10) NOT NULL DEFAULT '0',"
redcap_log_event7,ts,"bigint(14) DEFAULT NULL,"
redcap_log_event7,user,"varchar(255) COLLATE utf8mb4_unicode_ci DEFAULT NULL,"
redcap_log_event7,ip,"varchar(100) COLLATE utf8mb4_unicode_ci DEFAULT NULL,"
redcap_log_event7,page,"varchar(255) COLLATE utf8mb4_unicode_ci DEFAULT NULL,"
redcap_log_event7,event,"enum('UPDATE','INSERT','DELETE','SELECT','ERROR','LOGIN','LOGOUT','OTHER','DATA_EXPORT','DOC_UPLOAD','DOC_DELETE','MANAGE','LOCK_RECORD','ESIGNATURE') COLLATE utf8mb4_unicode_ci DEFAULT NULL,"
redcap_log_event7,object_type,"varchar(128) COLLATE utf8mb4_unicode_ci DEFAULT NULL,"
redcap_log_event7,sql_log,"mediumtext COLLATE utf8mb4_unicode_ci DEFAULT NULL,"
redcap_log_event7,pk,"varchar(200) COLLATE utf8mb4_unicode_ci DEFAULT NULL,"
redcap_log_event7,event_id,"int(10) DEFAULT NULL,"
redcap_log_event7,data_values,"text COLLATE utf8mb4_unicode_ci DEFAULT NULL,"
redcap_log_event7,description,"varchar(100) COLLATE utf8mb4_unicode_ci DEFAULT NULL,"
redcap_log_event7,legacy,"int(1) NOT NULL DEFAULT '0',"
redcap_log_event7,change_reason,"text COLLATE utf8mb4_unicode_ci DEFAULT NULL,"
redcap_log_event8,log_event_id,"int(11) NOT NULL AUTO_INCREMENT,"
redcap_log_event8,project_id,"int(10) NOT NULL DEFAULT '0',"
redcap_log_event8,ts,"bigint(14) DEFAULT NULL,"
redcap_log_event8,user,"varchar(255) COLLATE utf8mb4_unicode_ci DEFAULT NULL,"
redcap_log_event8,ip,"varchar(100) COLLATE utf8mb4_unicode_ci DEFAULT NULL,"
redcap_log_event8,page,"varchar(255) COLLATE utf8mb4_unicode_ci DEFAULT NULL,"
redcap_log_event8,event,"enum('UPDATE','INSERT','DELETE','SELECT','ERROR','LOGIN','LOGOUT','OTHER','DATA_EXPORT','DOC_UPLOAD','DOC_DELETE','MANAGE','LOCK_RECORD','ESIGNATURE') COLLATE utf8mb4_unicode_ci DEFAULT NULL,"
redcap_log_event8,object_type,"varchar(128) COLLATE utf8mb4_unicode_ci DEFAULT NULL,"
redcap_log_event8,sql_log,"mediumtext COLLATE utf8mb4_unicode_ci DEFAULT NULL,"
redcap_log_event8,pk,"varchar(200) COLLATE utf8mb4_unicode_ci DEFAULT NULL,"
redcap_log_event8,event_id,"int(10) DEFAULT NULL,"
redcap_log_event8,data_values,"text COLLATE utf8mb4_unicode_ci DEFAULT NULL,"
redcap_log_event8,description,"varchar(100) COLLATE utf8mb4_unicode_ci DEFAULT NULL,"
redcap_log_event8,legacy,"int(1) NOT NULL DEFAULT '0',"
redcap_log_event8,change_reason,"text COLLATE utf8mb4_unicode_ci DEFAULT NULL,"
redcap_log_event9,log_event_id,"int(11) NOT NULL AUTO_INCREMENT,"
redcap_log_event9,project_id,"int(10) NOT NULL DEFAULT '0',"
redcap_log_event9,ts,"bigint(14) DEFAULT NULL,"
redcap_log_event9,user,"varchar(255) COLLATE utf8mb4_unicode_ci DEFAULT NULL,"
redcap_log_event9,ip,"varchar(100) COLLATE utf8mb4_unicode_ci DEFAULT NULL,"
redcap_log_event9,page,"varchar(255) COLLATE utf8mb4_unicode_ci DEFAULT NULL,"
redcap_log_event9,event,"enum('UPDATE','INSERT','DELETE','SELECT','ERROR','LOGIN','LOGOUT','OTHER','DATA_EXPORT','DOC_UPLOAD','DOC_DELETE','MANAGE','LOCK_RECORD','ESIGNATURE') COLLATE utf8mb4_unicode_ci DEFAULT NULL,"
redcap_log_event9,object_type,"varchar(128) COLLATE utf8mb4_unicode_ci DEFAULT NULL,"
redcap_log_event9,sql_log,"mediumtext COLLATE utf8mb4_unicode_ci DEFAULT NULL,"
redcap_log_event9,pk,"varchar(200) COLLATE utf8mb4_unicode_ci DEFAULT NULL,"
redcap_log_event9,event_id,"int(10) DEFAULT NULL,"
redcap_log_event9,data_values,"text COLLATE utf8mb4_unicode_ci DEFAULT NULL,"
redcap_log_event9,description,"varchar(100) COLLATE utf8mb4_unicode_ci DEFAULT NULL,"
redcap_log_event9,legacy,"int(1) NOT NULL DEFAULT '0',"
redcap_log_event9,change_reason,"text COLLATE utf8mb4_unicode_ci DEFAULT NULL,"
redcap_log_view,log_view_id,"bigint(19) NOT NULL AUTO_INCREMENT,"
redcap_log_view,ts,"timestamp NULL DEFAULT NULL,"
redcap_log_view,user,"varchar(255) COLLATE utf8mb4_unicode_ci DEFAULT NULL,"
redcap_log_view,event,"enum('LOGIN_SUCCESS','LOGIN_FAIL','LOGOUT','PAGE_VIEW') COLLATE utf8mb4_unicode_ci DEFAULT NULL,"
redcap_log_view,ip,"varchar(100) COLLATE utf8mb4_unicode_ci DEFAULT NULL,"
redcap_log_view,browser_name,"varchar(255) COLLATE utf8mb4_unicode_ci DEFAULT NULL,"
redcap_log_view,browser_version,"varchar(255) COLLATE utf8mb4_unicode_ci DEFAULT NULL,"
redcap_log_view,full_url,"text COLLATE utf8mb4_unicode_ci DEFAULT NULL,"
redcap_log_view,page,"varchar(255) COLLATE utf8mb4_unicode_ci DEFAULT NULL,"
redcap_log_view,project_id,"int(10) DEFAULT NULL,"
redcap_log_view,event_id,"int(10) DEFAULT NULL,"
redcap_log_view,record,"varchar(255) COLLATE utf8mb4_unicode_ci DEFAULT NULL,"
redcap_log_view,form_name,"varchar(100) COLLATE utf8mb4_unicode_ci DEFAULT NULL,"
redcap_log_view,miscellaneous,"text COLLATE utf8mb4_unicode_ci DEFAULT NULL,"
redcap_log_view,session_id,"varchar(32) COLLATE utf8mb4_unicode_ci DEFAULT NULL,"
redcap_log_view_old,log_view_id,"int(11) NOT NULL AUTO_INCREMENT,"
redcap_log_view_old,ts,"timestamp NULL DEFAULT NULL,"
redcap_log_view_old,user,"varchar(255) COLLATE utf8mb4_unicode_ci DEFAULT NULL,"
redcap_log_view_old,event,"enum('LOGIN_SUCCESS','LOGIN_FAIL','LOGOUT','PAGE_VIEW') COLLATE utf8mb4_unicode_ci DEFAULT NULL,"
redcap_log_view_old,ip,"varchar(100) COLLATE utf8mb4_unicode_ci DEFAULT NULL,"
redcap_log_view_old,browser_name,"varchar(255) COLLATE utf8mb4_unicode_ci DEFAULT NULL,"
redcap_log_view_old,browser_version,"varchar(255) COLLATE utf8mb4_unicode_ci DEFAULT NULL,"
redcap_log_view_old,full_url,"text COLLATE utf8mb4_unicode_ci DEFAULT NULL,"
redcap_log_view_old,page,"varchar(255) COLLATE utf8mb4_unicode_ci DEFAULT NULL,"
redcap_log_view_old,project_id,"int(10) DEFAULT NULL,"
redcap_log_view_old,event_id,"int(10) DEFAULT NULL,"
redcap_log_view_old,record,"varchar(255) COLLATE utf8mb4_unicode_ci DEFAULT NULL,"
redcap_log_view_old,form_name,"varchar(100) COLLATE utf8mb4_unicode_ci DEFAULT NULL,"
redcap_log_view_old,miscellaneous,"text COLLATE utf8mb4_unicode_ci DEFAULT NULL,"
redcap_log_view_old,session_id,"varchar(32) COLLATE utf8mb4_unicode_ci DEFAULT NULL,"
redcap_log_view_requests,lvr_id,"bigint(19) NOT NULL AUTO_INCREMENT,"
redcap_log_view_requests,log_view_id,"bigint(19) DEFAULT NULL COMMENT 'FK from redcap_log_view',"
redcap_log_view_requests,mysql_process_id,"int(10) DEFAULT NULL COMMENT 'Process ID for MySQL',"
redcap_log_view_requests,php_process_id,"int(10) DEFAULT NULL COMMENT 'Process ID for PHP',"
redcap_log_view_requests,script_execution_time,"float DEFAULT NULL COMMENT 'Total PHP script execution time (seconds)',"
redcap_log_view_requests,is_ajax,"tinyint(1) NOT NULL DEFAULT '0' COMMENT 'Is request an AJAX request?',"
redcap_log_view_requests,is_cron,"tinyint(1) NOT NULL DEFAULT '0' COMMENT 'Is this the REDCap cron job?',"
redcap_log_view_requests,ui_id,"int(11) DEFAULT NULL COMMENT 'FK from redcap_user_information',"
redcap_messages,message_id,"int(10) NOT NULL AUTO_INCREMENT,"
redcap_messages,thread_id,"int(10) DEFAULT NULL COMMENT 'Thread that message belongs to (FK from redcap_messages_threads)',"
redcap_messages,sent_time,"datetime DEFAULT NULL COMMENT 'Time message was sent',"
redcap_messages,author_user_id,"int(10) DEFAULT NULL COMMENT 'Author of message (FK from redcap_user_information)',"
redcap_messages,message_body,"text COLLATE utf8mb4_unicode_ci DEFAULT NULL COMMENT 'The message itself',"
redcap_messages,attachment_doc_id,"int(10) DEFAULT NULL COMMENT 'doc_id if there is an attachment (FK from redcap_edocs_metadata)',"
redcap_messages,stored_url,"varchar(256) COLLATE utf8mb4_unicode_ci DEFAULT NULL,"
redcap_messages_recipients,recipient_id,"int(10) NOT NULL AUTO_INCREMENT,"
redcap_messages_recipients,thread_id,"int(10) DEFAULT NULL COMMENT 'Thread that recipient belongs to (FK from redcap_messages_threads)',"
redcap_messages_recipients,recipient_user_id,"int(10) DEFAULT NULL COMMENT 'Individual recipient in thread (FK from redcap_user_information)',"
redcap_messages_recipients,all_users,"tinyint(1) DEFAULT '0' COMMENT 'Set if recipients = ALL USERS',"
redcap_messages_recipients,prioritize,"tinyint(1) NOT NULL DEFAULT '0',"
redcap_messages_recipients,conv_leader,"tinyint(1) NOT NULL DEFAULT '0',"
redcap_messages_status,status_id,"int(10) NOT NULL AUTO_INCREMENT,"
redcap_messages_status,message_id,"int(10) DEFAULT NULL COMMENT 'FK from redcap_messages',"
redcap_messages_status,recipient_id,"int(10) DEFAULT NULL COMMENT 'Individual recipient in thread (FK from redcap_messages_recipients)',"
redcap_messages_status,recipient_user_id,"int(10) DEFAULT NULL COMMENT 'Individual recipient in thread (FK from redcap_user_information)',"
redcap_messages_status,urgent,"tinyint(1) NOT NULL DEFAULT '0',"
redcap_messages_threads,thread_id,"int(10) NOT NULL AUTO_INCREMENT,"
redcap_messages_threads,type,"enum('CHANNEL','NOTIFICATION','CONVERSATION') COLLATE utf8mb4_unicode_ci DEFAULT NULL COMMENT 'Type of entity',"
redcap_messages_threads,channel_name,"varchar(100) COLLATE utf8mb4_unicode_ci DEFAULT NULL COMMENT 'Only for channels',"
redcap_messages_threads,invisible,"tinyint(1) NOT NULL DEFAULT '0',"
redcap_messages_threads,archived,"tinyint(1) NOT NULL DEFAULT '0',"
redcap_messages_threads,project_id,"int(11) DEFAULT NULL COMMENT 'Associated project',"
redcap_metadata,project_id,"int(10) NOT NULL DEFAULT '0',"
redcap_metadata,field_name,"varchar(100) COLLATE utf8mb4_unicode_ci NOT NULL DEFAULT '',"
redcap_metadata,field_phi,"varchar(5) COLLATE utf8mb4_unicode_ci DEFAULT NULL,"
redcap_metadata,form_name,"varchar(100) COLLATE utf8mb4_unicode_ci DEFAULT NULL,"
redcap_metadata,form_menu_description,"varchar(255) COLLATE utf8mb4_unicode_ci DEFAULT NULL,"
redcap_metadata,field_order,"float DEFAULT NULL,"
redcap_metadata,field_units,"varchar(50) COLLATE utf8mb4_unicode_ci DEFAULT NULL,"
redcap_metadata,element_preceding_header,"mediumtext COLLATE utf8mb4_unicode_ci DEFAULT NULL,"
redcap_metadata,element_type,"varchar(50) COLLATE utf8mb4_unicode_ci DEFAULT NULL,"
redcap_metadata,element_label,"mediumtext COLLATE utf8mb4_unicode_ci DEFAULT NULL,"
redcap_metadata,element_enum,"mediumtext COLLATE utf8mb4_unicode_ci DEFAULT NULL,"
redcap_metadata,element_note,"mediumtext COLLATE utf8mb4_unicode_ci DEFAULT NULL,"
redcap_metadata,element_validation_type,"varchar(255) COLLATE utf8mb4_unicode_ci DEFAULT NULL,"
redcap_metadata,element_validation_min,"varchar(255) COLLATE utf8mb4_unicode_ci DEFAULT NULL,"
redcap_metadata,element_validation_max,"varchar(255) COLLATE utf8mb4_unicode_ci DEFAULT NULL,"
redcap_metadata,element_validation_checktype,"varchar(50) COLLATE utf8mb4_unicode_ci DEFAULT NULL,"
redcap_metadata,branching_logic,"text COLLATE utf8mb4_unicode_ci DEFAULT NULL,"
redcap_metadata,field_req,"int(1) NOT NULL DEFAULT '0',"
redcap_metadata,edoc_id,"int(10) DEFAULT NULL COMMENT 'image/file attachment',"
redcap_metadata,edoc_display_img,"int(1) NOT NULL DEFAULT '0',"
redcap_metadata,custom_alignment,"enum('LH','LV','RH','RV') COLLATE utf8mb4_unicode_ci DEFAULT NULL COMMENT 'RV = NULL = default',"
redcap_metadata,stop_actions,"text COLLATE utf8mb4_unicode_ci DEFAULT NULL,"
redcap_metadata,question_num,"varchar(50) COLLATE utf8mb4_unicode_ci DEFAULT NULL,"
redcap_metadata,grid_name,"varchar(100) COLLATE utf8mb4_unicode_ci DEFAULT NULL COMMENT 'Unique name of grid group',"
redcap_metadata,grid_rank,"int(1) NOT NULL DEFAULT '0',"
redcap_metadata,misc,"mediumtext COLLATE utf8mb4_unicode_ci DEFAULT NULL COMMENT 'Miscellaneous field attributes',"
redcap_metadata,video_url,"varchar(255) COLLATE utf8mb4_unicode_ci DEFAULT NULL,"
redcap_metadata,video_display_inline,"tinyint(1) NOT NULL DEFAULT '0',"
redcap_metadata_archive,project_id,"int(10) NOT NULL DEFAULT '0',"
redcap_metadata_archive,field_name,"varchar(100) COLLATE utf8mb4_unicode_ci NOT NULL DEFAULT '',"
redcap_metadata_archive,field_phi,"varchar(5) COLLATE utf8mb4_unicode_ci DEFAULT NULL,"
redcap_metadata_archive,form_name,"varchar(100) COLLATE utf8mb4_unicode_ci DEFAULT NULL,"
redcap_metadata_archive,form_menu_description,"varchar(255) COLLATE utf8mb4_unicode_ci DEFAULT NULL,"
redcap_metadata_archive,field_order,"float DEFAULT NULL,"
redcap_metadata_archive,field_units,"varchar(50) COLLATE utf8mb4_unicode_ci DEFAULT NULL,"
redcap_metadata_archive,element_preceding_header,"mediumtext COLLATE utf8mb4_unicode_ci DEFAULT NULL,"
redcap_metadata_archive,element_type,"varchar(50) COLLATE utf8mb4_unicode_ci DEFAULT NULL,"
redcap_metadata_archive,element_label,"mediumtext COLLATE utf8mb4_unicode_ci DEFAULT NULL,"
redcap_metadata_archive,element_enum,"mediumtext COLLATE utf8mb4_unicode_ci DEFAULT NULL,"
redcap_metadata_archive,element_note,"mediumtext COLLATE utf8mb4_unicode_ci DEFAULT NULL,"
redcap_metadata_archive,element_validation_type,"varchar(255) COLLATE utf8mb4_unicode_ci DEFAULT NULL,"
redcap_metadata_archive,element_validation_min,"varchar(255) COLLATE utf8mb4_unicode_ci DEFAULT NULL,"
redcap_metadata_archive,element_validation_max,"varchar(255) COLLATE utf8mb4_unicode_ci DEFAULT NULL,"
redcap_metadata_archive,element_validation_checktype,"varchar(50) COLLATE utf8mb4_unicode_ci DEFAULT NULL,"
redcap_metadata_archive,branching_logic,"text COLLATE utf8mb4_unicode_ci DEFAULT NULL,"
redcap_metadata_archive,field_req,"int(1) NOT NULL DEFAULT '0',"
redcap_metadata_archive,edoc_id,"int(10) DEFAULT NULL COMMENT 'image/file attachment',"
redcap_metadata_archive,edoc_display_img,"int(1) NOT NULL DEFAULT '0',"
redcap_metadata_archive,custom_alignment,"enum('LH','LV','RH','RV') COLLATE utf8mb4_unicode_ci DEFAULT NULL COMMENT 'RV = NULL = default',"
redcap_metadata_archive,stop_actions,"text COLLATE utf8mb4_unicode_ci DEFAULT NULL,"
redcap_metadata_archive,question_num,"varchar(50) COLLATE utf8mb4_unicode_ci DEFAULT NULL,"
redcap_metadata_archive,grid_name,"varchar(100) COLLATE utf8mb4_unicode_ci DEFAULT NULL COMMENT 'Unique name of grid group',"
redcap_metadata_archive,grid_rank,"int(1) NOT NULL DEFAULT '0',"
redcap_metadata_archive,misc,"mediumtext COLLATE utf8mb4_unicode_ci DEFAULT NULL COMMENT 'Miscellaneous field attributes',"
redcap_metadata_archive,video_url,"varchar(255) COLLATE utf8mb4_unicode_ci DEFAULT NULL,"
redcap_metadata_archive,video_display_inline,"tinyint(1) NOT NULL DEFAULT '0',"
redcap_metadata_archive,pr_id,"int(10) DEFAULT NULL,"
redcap_metadata_prod_revisions,pr_id,"int(10) NOT NULL AUTO_INCREMENT,"
redcap_metadata_prod_revisions,project_id,"int(10) NOT NULL DEFAULT '0',"
redcap_metadata_prod_revisions,ui_id_requester,"int(10) DEFAULT NULL,"
redcap_metadata_prod_revisions,ui_id_approver,"int(10) DEFAULT NULL,"
redcap_metadata_prod_revisions,ts_req_approval,"datetime DEFAULT NULL,"
redcap_metadata_prod_revisions,ts_approved,"datetime DEFAULT NULL,"
redcap_metadata_temp,project_id,"int(10) NOT NULL DEFAULT '0',"
redcap_metadata_temp,field_name,"varchar(100) COLLATE utf8mb4_unicode_ci NOT NULL DEFAULT '',"
redcap_metadata_temp,field_phi,"varchar(5) COLLATE utf8mb4_unicode_ci DEFAULT NULL,"
redcap_metadata_temp,form_name,"varchar(100) COLLATE utf8mb4_unicode_ci DEFAULT NULL,"
redcap_metadata_temp,form_menu_description,"varchar(255) COLLATE utf8mb4_unicode_ci DEFAULT NULL,"
redcap_metadata_temp,field_order,"float DEFAULT NULL,"
redcap_metadata_temp,field_units,"varchar(50) COLLATE utf8mb4_unicode_ci DEFAULT NULL,"
redcap_metadata_temp,element_preceding_header,"mediumtext COLLATE utf8mb4_unicode_ci DEFAULT NULL,"
redcap_metadata_temp,element_type,"varchar(50) COLLATE utf8mb4_unicode_ci DEFAULT NULL,"
redcap_metadata_temp,element_label,"mediumtext COLLATE utf8mb4_unicode_ci DEFAULT NULL,"
redcap_metadata_temp,element_enum,"mediumtext COLLATE utf8mb4_unicode_ci DEFAULT NULL,"
redcap_metadata_temp,element_note,"mediumtext COLLATE utf8mb4_unicode_ci DEFAULT NULL,"
redcap_metadata_temp,element_validation_type,"varchar(255) COLLATE utf8mb4_unicode_ci DEFAULT NULL,"
redcap_metadata_temp,element_validation_min,"varchar(255) COLLATE utf8mb4_unicode_ci DEFAULT NULL,"
redcap_metadata_temp,element_validation_max,"varchar(255) COLLATE utf8mb4_unicode_ci DEFAULT NULL,"
redcap_metadata_temp,element_validation_checktype,"varchar(50) COLLATE utf8mb4_unicode_ci DEFAULT NULL,"
redcap_metadata_temp,branching_logic,"text COLLATE utf8mb4_unicode_ci DEFAULT NULL,"
redcap_metadata_temp,field_req,"int(1) NOT NULL DEFAULT '0',"
redcap_metadata_temp,edoc_id,"int(10) DEFAULT NULL COMMENT 'image/file attachment',"
redcap_metadata_temp,edoc_display_img,"int(1) NOT NULL DEFAULT '0',"
redcap_metadata_temp,custom_alignment,"enum('LH','LV','RH','RV') COLLATE utf8mb4_unicode_ci DEFAULT NULL COMMENT 'RV = NULL = default',"
redcap_metadata_temp,stop_actions,"text COLLATE utf8mb4_unicode_ci DEFAULT NULL,"
redcap_metadata_temp,question_num,"varchar(50) COLLATE utf8mb4_unicode_ci DEFAULT NULL,"
redcap_metadata_temp,grid_name,"varchar(100) COLLATE utf8mb4_unicode_ci DEFAULT NULL COMMENT 'Unique name of grid group',"
redcap_metadata_temp,grid_rank,"int(1) NOT NULL DEFAULT '0',"
redcap_metadata_temp,misc,"mediumtext COLLATE utf8mb4_unicode_ci DEFAULT NULL COMMENT 'Miscellaneous field attributes',"
redcap_metadata_temp,video_url,"varchar(255) COLLATE utf8mb4_unicode_ci DEFAULT NULL,"
redcap_metadata_temp,video_display_inline,"tinyint(1) NOT NULL DEFAULT '0',"
redcap_mobile_app_devices,device_id,"int(10) NOT NULL AUTO_INCREMENT,"
redcap_mobile_app_devices,uuid,"varchar(128) COLLATE utf8mb4_unicode_ci DEFAULT NULL,"
redcap_mobile_app_devices,project_id,"int(10) DEFAULT NULL,"
redcap_mobile_app_devices,nickname,"varchar(255) COLLATE utf8mb4_unicode_ci DEFAULT NULL,"
redcap_mobile_app_devices,revoked,"tinyint(4) NOT NULL DEFAULT '0',"
redcap_mobile_app_files,af_id,"int(10) NOT NULL AUTO_INCREMENT,"
redcap_mobile_app_files,doc_id,"int(10) NOT NULL,"
redcap_mobile_app_files,type,"enum('ESCAPE_HATCH','LOGGING') COLLATE utf8mb4_unicode_ci DEFAULT NULL,"
redcap_mobile_app_files,user_id,"int(10) DEFAULT NULL,"
redcap_mobile_app_files,device_id,"int(10) DEFAULT NULL,"
redcap_mobile_app_log,mal_id,"int(10) NOT NULL AUTO_INCREMENT,"
redcap_mobile_app_log,project_id,"int(10) DEFAULT NULL,"
redcap_mobile_app_log,ui_id,"int(11) DEFAULT NULL,"
redcap_mobile_app_log,log_event_id,"int(10) DEFAULT NULL,"
redcap_mobile_app_log,device_id,"int(10) DEFAULT NULL,"
redcap_mobile_app_log,event,"enum('INIT_PROJECT','INIT_DOWNLOAD_DATA','INIT_DOWNLOAD_DATA_PARTIAL','REINIT_PROJECT','REINIT_DOWNLOAD_DATA','REINIT_DOWNLOAD_DATA_PARTIAL','SYNC_DATA') COLLATE utf8mb4_unicode_ci DEFAULT NULL,"
redcap_mobile_app_log,details,"text COLLATE utf8mb4_unicode_ci DEFAULT NULL,"
redcap_mobile_app_log,longitude,"double DEFAULT NULL,"
redcap_mobile_app_log,latitude,"double DEFAULT NULL,"
redcap_multilanguage_config,project_id,"int(10) DEFAULT NULL,"
redcap_multilanguage_config,lang_id,"varchar(50) COLLATE utf8mb4_bin DEFAULT NULL,"
redcap_multilanguage_config,name,"varchar(150) COLLATE utf8mb4_unicode_ci NOT NULL,"
redcap_multilanguage_config,value,"mediumtext COLLATE utf8mb4_unicode_ci NOT NULL,"
redcap_multilanguage_config_temp,project_id,"int(10) DEFAULT NULL,"
redcap_multilanguage_config_temp,lang_id,"varchar(50) COLLATE utf8mb4_bin DEFAULT NULL,"
redcap_multilanguage_config_temp,name,"varchar(150) COLLATE utf8mb4_unicode_ci NOT NULL,"
redcap_multilanguage_config_temp,value,"mediumtext COLLATE utf8mb4_unicode_ci NOT NULL,"
redcap_multilanguage_metadata,project_id,"int(10) DEFAULT NULL,"
redcap_multilanguage_metadata,lang_id,"varchar(50) COLLATE utf8mb4_bin NOT NULL,"
redcap_multilanguage_metadata,type,"varchar(150) COLLATE utf8mb4_unicode_ci NOT NULL,"
redcap_multilanguage_metadata,name,"varchar(150) COLLATE utf8mb4_unicode_ci DEFAULT NULL,"
redcap_multilanguage_metadata,index,"varchar(150) COLLATE utf8mb4_unicode_ci DEFAULT NULL,"
redcap_multilanguage_metadata,hash,"char(10) COLLATE utf8mb4_unicode_ci DEFAULT NULL,"
redcap_multilanguage_metadata,value,"text COLLATE utf8mb4_unicode_ci DEFAULT NULL,"
redcap_multilanguage_metadata_temp,project_id,"int(10) DEFAULT NULL,"
redcap_multilanguage_metadata_temp,lang_id,"varchar(50) COLLATE utf8mb4_bin NOT NULL,"
redcap_multilanguage_metadata_temp,type,"varchar(150) COLLATE utf8mb4_unicode_ci NOT NULL,"
redcap_multilanguage_metadata_temp,name,"varchar(150) COLLATE utf8mb4_unicode_ci DEFAULT NULL,"
redcap_multilanguage_metadata_temp,index,"varchar(150) COLLATE utf8mb4_unicode_ci DEFAULT NULL,"
redcap_multilanguage_metadata_temp,hash,"char(10) COLLATE utf8mb4_unicode_ci DEFAULT NULL,"
redcap_multilanguage_metadata_temp,value,"text COLLATE utf8mb4_unicode_ci DEFAULT NULL,"
redcap_multilanguage_snapshots,snapshot_id,"int(10) NOT NULL AUTO_INCREMENT,"
redcap_multilanguage_snapshots,project_id,"int(10) NOT NULL,"
redcap_multilanguage_snapshots,edoc_id,"int(10) DEFAULT NULL,"
redcap_multilanguage_snapshots,created_by,"int(10) DEFAULT NULL COMMENT 'References a uu_id in the redcap_user_information table',"
redcap_multilanguage_snapshots,deleted_by,"int(10) DEFAULT NULL COMMENT 'References a uu_id in the redcap_user_information table',"
redcap_multilanguage_ui,project_id,"int(10) DEFAULT NULL,"
redcap_multilanguage_ui,lang_id,"varchar(50) COLLATE utf8mb4_bin DEFAULT NULL,"
redcap_multilanguage_ui,item,"varchar(150) COLLATE utf8mb4_unicode_ci NOT NULL,"
redcap_multilanguage_ui,hash,"char(10) COLLATE utf8mb4_unicode_ci DEFAULT NULL,"
redcap_multilanguage_ui,translation,"text COLLATE utf8mb4_unicode_ci NOT NULL,"
redcap_multilanguage_ui_temp,project_id,"int(10) DEFAULT NULL,"
redcap_multilanguage_ui_temp,lang_id,"varchar(50) COLLATE utf8mb4_bin DEFAULT NULL,"
redcap_multilanguage_ui_temp,item,"varchar(150) COLLATE utf8mb4_unicode_ci NOT NULL,"
redcap_multilanguage_ui_temp,hash,"char(10) COLLATE utf8mb4_unicode_ci DEFAULT NULL,"
redcap_multilanguage_ui_temp,translation,"text COLLATE utf8mb4_unicode_ci NOT NULL,"
redcap_mycap_aboutpages,page_id,"int(10) NOT NULL AUTO_INCREMENT,"
redcap_mycap_aboutpages,project_id,"int(10) DEFAULT NULL,"
redcap_mycap_aboutpages,identifier,"varchar(100) COLLATE utf8mb4_unicode_ci DEFAULT NULL,"
redcap_mycap_aboutpages,page_title,"varchar(100) COLLATE utf8mb4_unicode_ci DEFAULT NULL,"
redcap_mycap_aboutpages,page_content,"text COLLATE utf8mb4_unicode_ci DEFAULT NULL COMMENT 'Page content',"
redcap_mycap_aboutpages,sub_type,"varchar(100) COLLATE utf8mb4_unicode_ci DEFAULT NULL,"
redcap_mycap_aboutpages,image_type,"varchar(255) COLLATE utf8mb4_unicode_ci DEFAULT NULL COMMENT 'Image Type',"
redcap_mycap_aboutpages,system_image_name,"varchar(255) COLLATE utf8mb4_unicode_ci DEFAULT NULL COMMENT 'System Image Name',"
redcap_mycap_aboutpages,custom_logo,"int(10) DEFAULT NULL COMMENT 'doc id for custom image uploaded',"
redcap_mycap_aboutpages,page_order,"int(10) DEFAULT NULL,"
redcap_mycap_aboutpages,dag_id,"int(11) DEFAULT NULL COMMENT 'DAG specific page',"
redcap_mycap_contacts,contact_id,"int(10) NOT NULL AUTO_INCREMENT,"
redcap_mycap_contacts,project_id,"int(10) DEFAULT NULL,"
redcap_mycap_contacts,identifier,"varchar(100) COLLATE utf8mb4_unicode_ci DEFAULT NULL,"
redcap_mycap_contacts,contact_header,"varchar(100) COLLATE utf8mb4_unicode_ci DEFAULT NULL,"
redcap_mycap_contacts,contact_title,"varchar(100) COLLATE utf8mb4_unicode_ci DEFAULT NULL,"
redcap_mycap_contacts,phone_number,"varchar(255) COLLATE utf8mb4_unicode_ci DEFAULT NULL COMMENT 'Field name that stores contact phone number',"
redcap_mycap_contacts,email,"varchar(255) COLLATE utf8mb4_unicode_ci DEFAULT NULL,"
redcap_mycap_contacts,website,"text COLLATE utf8mb4_unicode_ci DEFAULT NULL,"
redcap_mycap_contacts,additional_info,"text COLLATE utf8mb4_unicode_ci DEFAULT NULL,"
redcap_mycap_contacts,contact_order,"int(10) DEFAULT NULL,"
redcap_mycap_contacts,dag_id,"int(11) DEFAULT NULL COMMENT 'DAG specific contact',"
redcap_mycap_links,link_id,"int(10) NOT NULL AUTO_INCREMENT,"
redcap_mycap_links,project_id,"int(10) DEFAULT NULL,"
redcap_mycap_links,identifier,"varchar(100) COLLATE utf8mb4_unicode_ci DEFAULT NULL,"
redcap_mycap_links,link_name,"varchar(100) COLLATE utf8mb4_unicode_ci DEFAULT NULL,"
redcap_mycap_links,link_url,"text COLLATE utf8mb4_unicode_ci DEFAULT NULL,"
redcap_mycap_links,link_icon,"varchar(100) COLLATE utf8mb4_unicode_ci DEFAULT NULL,"
redcap_mycap_links,append_project_code,"int(1) NOT NULL DEFAULT '0' COMMENT 'Append Project Code to URL',"
redcap_mycap_links,append_participant_code,"int(1) NOT NULL DEFAULT '0' COMMENT 'Append Participant Code to URL',"
redcap_mycap_links,link_order,"int(10) DEFAULT NULL,"
redcap_mycap_links,dag_id,"int(11) DEFAULT NULL COMMENT 'DAG specific link',"
redcap_mycap_message_notifications,notification_id,"int(10) NOT NULL AUTO_INCREMENT,"
redcap_mycap_message_notifications,project_id,"int(10) DEFAULT NULL,"
redcap_mycap_message_notifications,dag_id,"int(10) DEFAULT NULL,"
redcap_mycap_message_notifications,notify_user,"int(1) NOT NULL DEFAULT '0' COMMENT 'Notify study coordinator upon receiving message via email?',"
redcap_mycap_message_notifications,user_emails,"text COLLATE utf8mb4_unicode_ci DEFAULT NULL COMMENT 'List of user emails',"
redcap_mycap_message_notifications,custom_email_text,"text COLLATE utf8mb4_unicode_ci DEFAULT NULL COMMENT 'Custom Email text',"
redcap_mycap_messages,uuid,"char(36) COLLATE utf8mb4_unicode_ci NOT NULL COMMENT 'UUID',"
redcap_mycap_messages,project_id,"int(10) DEFAULT NULL COMMENT 'FK to redcap_projects.project_id',"
redcap_mycap_messages,type,"varchar(45) COLLATE utf8mb4_unicode_ci NOT NULL COMMENT 'Announcement, standard',"
redcap_mycap_messages,from_server,"tinyint(1) NOT NULL DEFAULT '0' COMMENT '0 = No, 1 = Yes',"
redcap_mycap_messages,from,"varchar(191) COLLATE utf8mb4_unicode_ci NOT NULL COMMENT 'Either a participant code or a redcap user',"
redcap_mycap_messages,to,"varchar(191) COLLATE utf8mb4_unicode_ci NOT NULL COMMENT 'Either a participant code or a redcap user',"
redcap_mycap_messages,title,"varchar(255) COLLATE utf8mb4_unicode_ci DEFAULT NULL COMMENT 'Optional title',"
redcap_mycap_messages,body,"text COLLATE utf8mb4_unicode_ci NOT NULL COMMENT 'Body content',"
redcap_mycap_messages,sent_date,"datetime NOT NULL COMMENT 'Unix timestamp',"
redcap_mycap_messages,received_date,"datetime DEFAULT NULL COMMENT 'Unix timestamp',"
redcap_mycap_messages,read_date,"datetime DEFAULT NULL COMMENT 'Unix timestamp',"
redcap_mycap_messages,processed,"tinyint(1) NOT NULL DEFAULT '0' COMMENT '0 = No, 1 = Yes',"
redcap_mycap_messages,processed_by,"varchar(191) COLLATE utf8mb4_unicode_ci DEFAULT NULL COMMENT 'message processed by this REDCap user. FK to redcap_user_information.username',"
redcap_mycap_participants,code,"varchar(36) COLLATE utf8mb4_unicode_ci NOT NULL COMMENT 'Participant identifier. Alias for record_id. We never store record_id on the mobile app for security reasons.',"
redcap_mycap_participants,project_id,"int(10) DEFAULT NULL COMMENT 'FK to redcap_projects.project_id',"
redcap_mycap_participants,record,"varchar(100) COLLATE utf8mb4_unicode_ci NOT NULL,"
redcap_mycap_participants,event_id,"int(10) DEFAULT NULL,"
redcap_mycap_participants,join_date,"datetime DEFAULT NULL COMMENT 'Date participant joined the project',"
redcap_mycap_participants,join_date_utc,"datetime DEFAULT NULL COMMENT 'Date (UTC format) participant joined the project',"
redcap_mycap_participants,timezone,"varchar(20) COLLATE utf8mb4_unicode_ci DEFAULT NULL COMMENT 'Participant timezone',"
redcap_mycap_participants,baseline_date,"datetime DEFAULT NULL COMMENT 'Date of important event. Used for scheduling.',"
redcap_mycap_participants,push_notification_ids,"text COLLATE utf8mb4_unicode_ci DEFAULT NULL COMMENT 'Stores push notification identifiers',"
redcap_mycap_participants,is_deleted,"tinyint(1) NOT NULL DEFAULT '0',"
redcap_mycap_projectfiles,project_code,"varchar(36) COLLATE utf8mb4_unicode_ci NOT NULL COMMENT 'PFK to redcap_mycap_projects.code',"
redcap_mycap_projectfiles,doc_id,"int(10) NOT NULL COMMENT 'PFK to redcap_edocs_metadata.doc_id',"
redcap_mycap_projectfiles,name,"varchar(255) COLLATE utf8mb4_unicode_ci NOT NULL COMMENT 'File name',"
redcap_mycap_projectfiles,category,"int(10) DEFAULT NULL COMMENT 'File categorization, if any. 1=PROMIS Form, 2=PROMIS Calibration, 3=Image, 4=Config Version',"
redcap_mycap_projects,code,"varchar(36) COLLATE utf8mb4_unicode_ci NOT NULL COMMENT 'Project identifier. Alias for project_id. We never store project_id on the mobile app for security reasons.',"
redcap_mycap_projects,hmac_key,"varchar(64) COLLATE utf8mb4_unicode_ci NOT NULL COMMENT 'Hash-based Message Access Code key.',"
redcap_mycap_projects,project_id,"int(10) NOT NULL COMMENT 'FK to redcap_projects.project_id',"
redcap_mycap_projects,name,"varchar(255) COLLATE utf8mb4_unicode_ci NOT NULL COMMENT 'Name of the project within the app',"
redcap_mycap_projects,allow_new_participants,"tinyint(1) NOT NULL DEFAULT '1' COMMENT 'Participants cannot join if FALSE',"
redcap_mycap_projects,participant_custom_field,"varchar(100) COLLATE utf8mb4_unicode_ci DEFAULT NULL COMMENT 'participant identifier field_name',"
redcap_mycap_projects,participant_custom_label,"text COLLATE utf8mb4_unicode_ci DEFAULT NULL,"
redcap_mycap_projects,participant_allow_condition,"text COLLATE utf8mb4_unicode_ci DEFAULT NULL,"
redcap_mycap_projects,config,"mediumtext COLLATE utf8mb4_unicode_ci NOT NULL COMMENT 'JSON representation of the config',"
redcap_mycap_projects,baseline_date_field,"text COLLATE utf8mb4_unicode_ci DEFAULT NULL COMMENT 'baseline date field_name',"
redcap_mycap_projects,baseline_date_config,"mediumtext COLLATE utf8mb4_unicode_ci NOT NULL COMMENT 'JSON representation of the baseline date settings config',"
redcap_mycap_projects,status,"int(1) NOT NULL DEFAULT '1' COMMENT '0=Deleted, 1=Active',"
redcap_mycap_projects,converted_to_flutter,"tinyint(1) NOT NULL DEFAULT '0' COMMENT 'Participant join URL will display flutter app link if TRUE',"
redcap_mycap_projects,flutter_conversion_time,"datetime DEFAULT NULL COMMENT 'Time when project is converted to flutter by button click',"
redcap_mycap_projects,event_display_format,"enum('ID','LABEL','NONE') COLLATE utf8mb4_unicode_ci NOT NULL DEFAULT 'NONE',"
redcap_mycap_projects,notification_time,"time DEFAULT '08:00:00',"
redcap_mycap_projects,acknowledged_app_link,"tinyint(1) NOT NULL DEFAULT '0' COMMENT 'User acknowledged a change from join URL/Dynamic link to new app link if TRUE',"
redcap_mycap_projects,prevent_lang_switch_mtb,"tinyint(1) NOT NULL DEFAULT '1' COMMENT 'Prevent participants to switch language from Spanish to English or vice a versa',"
redcap_mycap_projects,last_enabled_on,"datetime DEFAULT NULL COMMENT 'Time when project is enabled for MyCap by button click/copy project/xml upload',"
redcap_mycap_syncissuefiles,uuid,"char(36) COLLATE utf8mb4_unicode_ci NOT NULL COMMENT 'PFK to redcap_mycap_syncissues.uuid',"
redcap_mycap_syncissuefiles,doc_id,"int(10) NOT NULL COMMENT 'PFK to redcap_edocs_metadata.doc_id',"
redcap_mycap_syncissues,uuid,"char(36) COLLATE utf8mb4_unicode_ci NOT NULL COMMENT 'UUID generated by app. Maps to a field with annotation @MC-TASK-UUID',"
redcap_mycap_syncissues,participant_code,"varchar(36) COLLATE utf8mb4_unicode_ci NOT NULL COMMENT 'FK to a record with field annotation @MC-PARTICIPANT-CODE. FK is not enforced as someone may inadvertently delete a participant, but we still want to get results',"
redcap_mycap_syncissues,project_code,"varchar(36) COLLATE utf8mb4_unicode_ci NOT NULL COMMENT 'FK to redcap_mycap_projects.code. Not enforced because someone may accidentally delete a project.',"
redcap_mycap_syncissues,received_date,"datetime NOT NULL COMMENT 'Date received by the server',"
redcap_mycap_syncissues,payload,"mediumtext COLLATE utf8mb4_unicode_ci NOT NULL COMMENT 'Request payload in JSON format',"
redcap_mycap_syncissues,instrument,"varchar(100) COLLATE utf8mb4_unicode_ci NOT NULL COMMENT 'FK to redcap_metadata.form_name. Relationship not enforced as we may receive results for tasks that were deleted in REDCap.',"
redcap_mycap_syncissues,event_id,"int(10) DEFAULT NULL,"
redcap_mycap_syncissues,error_type,"int(1) NOT NULL DEFAULT '0' COMMENT '1 = REDCap Save, 2 = Could not find participant, 3 = Could not find project, 4 = Other',"
redcap_mycap_syncissues,error_message,"varchar(4000) COLLATE utf8mb4_unicode_ci NOT NULL COMMENT 'Error message that REDCap returned when attempting to save the result, or that MyCap identified',"
redcap_mycap_syncissues,resolved,"tinyint(1) NOT NULL DEFAULT '0' COMMENT '0 = Unresolved, 1 = Resolved',"
redcap_mycap_syncissues,resolved_by,"varchar(191) COLLATE utf8mb4_unicode_ci DEFAULT NULL COMMENT 'issue resolved by this user. FK to redcap_user_information.username',"
redcap_mycap_syncissues,resolved_comment,"varchar(2000) COLLATE utf8mb4_unicode_ci DEFAULT NULL COMMENT 'Optional comment describing why issue was toggled as resolved',"
redcap_mycap_tasks,task_id,"int(10) NOT NULL AUTO_INCREMENT,"
redcap_mycap_tasks,project_id,"int(10) DEFAULT NULL,"
redcap_mycap_tasks,form_name,"varchar(255) COLLATE utf8mb4_unicode_ci DEFAULT NULL COMMENT 'REDCap Instrument Name',"
redcap_mycap_tasks,enabled_for_mycap,"int(1) NOT NULL DEFAULT '1' COMMENT '0 = no, 1 = yes',"
redcap_mycap_tasks,task_title,"varchar(255) COLLATE utf8mb4_unicode_ci DEFAULT NULL COMMENT 'MyCap Task Title',"
redcap_mycap_tasks,question_format,"varchar(35) COLLATE utf8mb4_unicode_ci DEFAULT NULL COMMENT 'Possible values are .Questionnaire, .Form',"
redcap_mycap_tasks,card_display,"varchar(20) COLLATE utf8mb4_unicode_ci DEFAULT NULL COMMENT 'Possible values are .Percent, .Form',"
redcap_mycap_tasks,x_date_field,"varchar(255) COLLATE utf8mb4_unicode_ci DEFAULT NULL COMMENT 'Date Field for Chart Display = Chart',"
redcap_mycap_tasks,x_time_field,"varchar(255) COLLATE utf8mb4_unicode_ci DEFAULT NULL COMMENT 'Time Field for Chart Display = Chart',"
redcap_mycap_tasks,y_numeric_field,"varchar(255) COLLATE utf8mb4_unicode_ci DEFAULT NULL COMMENT 'Numeric Field for Chart Display = Chart',"
redcap_mycap_tasks,extended_config_json,"text COLLATE utf8mb4_unicode_ci DEFAULT NULL COMMENT 'Extended Config JSON string for active task',"
redcap_mycap_tasks_schedules,ts_id,"int(11) NOT NULL AUTO_INCREMENT,"
redcap_mycap_tasks_schedules,task_id,"int(11) DEFAULT NULL,"
redcap_mycap_tasks_schedules,event_id,"int(11) DEFAULT NULL,"
redcap_mycap_tasks_schedules,allow_retro_completion,"int(1) NOT NULL DEFAULT '0' COMMENT 'Allow retroactive completion?',"
redcap_mycap_tasks_schedules,allow_save_complete_later,"int(1) NOT NULL DEFAULT '0' COMMENT 'Allow save and complete later?',"
redcap_mycap_tasks_schedules,include_instruction_step,"int(1) NOT NULL DEFAULT '0' COMMENT 'Include Instruction Step?',"
redcap_mycap_tasks_schedules,include_completion_step,"int(1) NOT NULL DEFAULT '0' COMMENT 'Include Completion Step?',"
redcap_mycap_tasks_schedules,instruction_step_title,"varchar(255) COLLATE utf8mb4_unicode_ci DEFAULT NULL COMMENT 'Instruction Step - Title',"
redcap_mycap_tasks_schedules,instruction_step_content,"text COLLATE utf8mb4_unicode_ci DEFAULT NULL COMMENT 'Instruction Step - Content',"
redcap_mycap_tasks_schedules,completion_step_title,"varchar(255) COLLATE utf8mb4_unicode_ci DEFAULT NULL COMMENT 'Completion Step - Title',"
redcap_mycap_tasks_schedules,completion_step_content,"text COLLATE utf8mb4_unicode_ci DEFAULT NULL COMMENT 'Completion Step - Content',"
redcap_mycap_tasks_schedules,schedule_relative_to,"varchar(20) COLLATE utf8mb4_unicode_ci DEFAULT NULL COMMENT 'Possible values are .JoinDate, .ZeroDate',"
redcap_mycap_tasks_schedules,schedule_type,"varchar(20) COLLATE utf8mb4_unicode_ci DEFAULT NULL COMMENT 'Possible values are .OneTime, .Infinite, .Repeating, .Fixed',"
redcap_mycap_tasks_schedules,schedule_frequency,"varchar(20) COLLATE utf8mb4_unicode_ci DEFAULT NULL COMMENT 'Possible values are .Daily, .Weekly, .Monthly',"
redcap_mycap_tasks_schedules,schedule_interval_week,"int(2) DEFAULT NULL COMMENT 'Weeks from 1 to 24',"
redcap_mycap_tasks_schedules,schedule_days_of_the_week,"varchar(255) COLLATE utf8mb4_unicode_ci DEFAULT NULL COMMENT 'List of days of the week',"
redcap_mycap_tasks_schedules,schedule_interval_month,"int(2) DEFAULT NULL COMMENT 'Months from 1 to 12',"
redcap_mycap_tasks_schedules,schedule_days_of_the_month,"varchar(255) COLLATE utf8mb4_unicode_ci DEFAULT NULL COMMENT 'List of days of the month',"
redcap_mycap_tasks_schedules,schedule_days_fixed,"varchar(255) COLLATE utf8mb4_unicode_ci DEFAULT NULL COMMENT 'List of days for type FIXED',"
redcap_mycap_tasks_schedules,schedule_relative_offset,"int(10) DEFAULT NULL COMMENT 'Number of days to delay',"
redcap_mycap_tasks_schedules,schedule_ends,"varchar(60) COLLATE utf8mb4_unicode_ci DEFAULT NULL COMMENT 'Possible values are .Never or list of .AfterCountOccurrences, .AfterNDays, .OnDate',"
redcap_mycap_tasks_schedules,schedule_end_count,"int(10) DEFAULT NULL COMMENT 'Ends after number of times',"
redcap_mycap_tasks_schedules,schedule_end_after_days,"int(10) DEFAULT NULL COMMENT 'Ends after number of days have elapsed',"
redcap_mycap_tasks_schedules,schedule_end_date,"date DEFAULT NULL,"
redcap_mycap_tasks_schedules,active,"int(1) NOT NULL DEFAULT '1' COMMENT 'Is it currently active?',"
redcap_mycap_themes,theme_id,"int(10) NOT NULL AUTO_INCREMENT,"
redcap_mycap_themes,project_id,"int(10) DEFAULT NULL,"
redcap_mycap_themes,primary_color,"varchar(10) COLLATE utf8mb4_unicode_ci DEFAULT NULL,"
redcap_mycap_themes,light_primary_color,"varchar(10) COLLATE utf8mb4_unicode_ci DEFAULT NULL,"
redcap_mycap_themes,accent_color,"varchar(10) COLLATE utf8mb4_unicode_ci DEFAULT NULL,"
redcap_mycap_themes,dark_primary_color,"varchar(10) COLLATE utf8mb4_unicode_ci DEFAULT NULL,"
redcap_mycap_themes,light_bg_color,"varchar(10) COLLATE utf8mb4_unicode_ci DEFAULT NULL,"
redcap_mycap_themes,theme_type,"varchar(100) COLLATE utf8mb4_unicode_ci DEFAULT NULL,"
redcap_mycap_themes,system_type,"varchar(100) COLLATE utf8mb4_unicode_ci DEFAULT NULL,"
redcap_new_record_cache,project_id,"int(10) NOT NULL DEFAULT '0',"
redcap_new_record_cache,record,"varchar(100) COLLATE utf8mb4_unicode_ci DEFAULT NULL,"
redcap_new_record_cache,creation_time,"datetime DEFAULT NULL,"
redcap_outgoing_email_counts,date,"date NOT NULL,"
redcap_outgoing_email_counts,send_count,"int(10) DEFAULT '1' COMMENT 'Total',"
redcap_outgoing_email_counts,smtp,"int(10) DEFAULT '0',"
redcap_outgoing_email_counts,sendgrid,"int(10) DEFAULT '0',"
redcap_outgoing_email_counts,mandrill,"int(10) DEFAULT '0',"
redcap_outgoing_email_counts,twilio_sms,"int(10) NOT NULL DEFAULT '0',"
redcap_outgoing_email_counts,mosio_sms,"int(10) NOT NULL DEFAULT '0',"
redcap_outgoing_email_counts,mailgun,"int(10) DEFAULT '0',"
redcap_outgoing_email_sms_identifiers,ident_id,"int(10) NOT NULL AUTO_INCREMENT,"
redcap_outgoing_email_sms_identifiers,ssq_id,"int(10) DEFAULT NULL,"
redcap_outgoing_email_sms_log,email_id,"int(10) NOT NULL AUTO_INCREMENT,"
redcap_outgoing_email_sms_log,type,"enum('EMAIL','SMS','VOICE_CALL','SENDGRID_TEMPLATE') COLLATE utf8mb4_unicode_ci NOT NULL DEFAULT 'EMAIL',"
redcap_outgoing_email_sms_log,category,"varchar(191) COLLATE utf8mb4_unicode_ci DEFAULT NULL,"
redcap_outgoing_email_sms_log,time_sent,"datetime DEFAULT NULL,"
redcap_outgoing_email_sms_log,sender,"varchar(191) COLLATE utf8mb4_unicode_ci DEFAULT NULL COMMENT 'Email or phone number',"
redcap_outgoing_email_sms_log,recipients,"text COLLATE utf8mb4_unicode_ci DEFAULT NULL COMMENT 'Emails or phone numbers',"
redcap_outgoing_email_sms_log,email_cc,"text COLLATE utf8mb4_unicode_ci DEFAULT NULL,"
redcap_outgoing_email_sms_log,email_bcc,"text COLLATE utf8mb4_unicode_ci DEFAULT NULL,"
redcap_outgoing_email_sms_log,email_subject,"text COLLATE utf8mb4_unicode_ci DEFAULT NULL,"
redcap_outgoing_email_sms_log,message,"mediumtext COLLATE utf8mb4_unicode_ci DEFAULT NULL,"
redcap_outgoing_email_sms_log,message_html,"mediumtext COLLATE utf8mb4_unicode_ci DEFAULT NULL,"
redcap_outgoing_email_sms_log,attachment_names,"text COLLATE utf8mb4_unicode_ci DEFAULT NULL,"
redcap_outgoing_email_sms_log,attachment_doc_ids,"text COLLATE utf8mb4_unicode_ci DEFAULT NULL,"
redcap_outgoing_email_sms_log,project_id,"int(10) DEFAULT NULL,"
redcap_outgoing_email_sms_log,record,"varchar(100) COLLATE utf8mb4_unicode_ci DEFAULT NULL,"
redcap_outgoing_email_sms_log,event_id,"int(10) DEFAULT NULL,"
redcap_outgoing_email_sms_log,instrument,"varchar(100) COLLATE utf8mb4_unicode_ci DEFAULT NULL,"
redcap_outgoing_email_sms_log,instance,"smallint(4) DEFAULT NULL,"
redcap_outgoing_email_sms_log,hash,"varchar(100) CHARACTER SET latin1 COLLATE latin1_general_cs DEFAULT NULL,"
redcap_outgoing_email_sms_log,lang_id,"varchar(50) COLLATE utf8mb4_unicode_ci DEFAULT NULL,"
redcap_page_hits,date,"date NOT NULL,"
redcap_page_hits,page_name,"varchar(100) COLLATE utf8mb4_unicode_ci DEFAULT NULL,"
redcap_page_hits,page_hits,"float NOT NULL DEFAULT '1',"
redcap_pdf_image_cache,pdf_doc_id,"int(10) DEFAULT NULL,"
redcap_pdf_image_cache,page,"int(5) DEFAULT NULL,"
redcap_pdf_image_cache,num_pages,"int(5) DEFAULT NULL,"
redcap_pdf_image_cache,image_doc_id,"int(10) DEFAULT NULL,"
redcap_pdf_image_cache,expiration,"datetime DEFAULT NULL,"
redcap_pdf_snapshots,snapshot_id,"int(10) NOT NULL AUTO_INCREMENT,"
redcap_pdf_snapshots,project_id,"int(10) DEFAULT NULL,"
redcap_pdf_snapshots,active,"tinyint(1) NOT NULL DEFAULT '0',"
redcap_pdf_snapshots,name,"varchar(64) COLLATE utf8mb4_unicode_ci DEFAULT NULL,"
redcap_pdf_snapshots,custom_filename_prefix,"text COLLATE utf8mb4_unicode_ci DEFAULT NULL,"
redcap_pdf_snapshots,consent_id,"int(10) DEFAULT NULL COMMENT 'Used for eConsent',"
redcap_pdf_snapshots,trigger_surveycomplete_survey_id,"int(10) DEFAULT NULL COMMENT 'Trigger based on survey completion',"
redcap_pdf_snapshots,trigger_surveycomplete_event_id,"int(10) DEFAULT NULL,"
redcap_pdf_snapshots,trigger_logic,"text COLLATE utf8mb4_unicode_ci DEFAULT NULL COMMENT 'Trigger based on logic',"
redcap_pdf_snapshots,selected_forms_events,"text COLLATE utf8mb4_unicode_ci DEFAULT NULL COMMENT 'Instruments/events to include in snapshot',"
redcap_pdf_snapshots,pdf_save_to_file_repository,"tinyint(1) NOT NULL DEFAULT '0',"
redcap_pdf_snapshots,pdf_save_to_field,"varchar(100) COLLATE utf8mb4_unicode_ci DEFAULT NULL,"
redcap_pdf_snapshots,pdf_save_to_event_id,"int(10) DEFAULT NULL,"
redcap_pdf_snapshots,pdf_save_translated,"tinyint(1) NOT NULL DEFAULT '0',"
redcap_pdf_snapshots,pdf_compact,"tinyint(1) NOT NULL DEFAULT '1',"
redcap_pdf_snapshots_triggered,snapshot_id,"int(10) NOT NULL,"
redcap_pdf_snapshots_triggered,record,"varchar(100) COLLATE utf8mb4_unicode_ci NOT NULL,"
redcap_project_checklist,list_id,"int(11) NOT NULL AUTO_INCREMENT,"
redcap_project_checklist,project_id,"int(10) DEFAULT NULL,"
redcap_project_checklist,name,"varchar(100) COLLATE utf8mb4_unicode_ci DEFAULT NULL,"
redcap_project_dashboards,dash_id,"int(10) NOT NULL AUTO_INCREMENT,"
redcap_project_dashboards,project_id,"int(10) NOT NULL,"
redcap_project_dashboards,title,"text COLLATE utf8mb4_unicode_ci DEFAULT NULL,"
redcap_project_dashboards,body,"mediumtext COLLATE utf8mb4_unicode_ci DEFAULT NULL,"
redcap_project_dashboards,dash_order,"int(3) DEFAULT NULL,"
redcap_project_dashboards,user_access,"enum('ALL','SELECTED') COLLATE utf8mb4_unicode_ci NOT NULL DEFAULT 'ALL',"
redcap_project_dashboards,hash,"varchar(11) CHARACTER SET latin1 COLLATE latin1_general_cs DEFAULT NULL,"
redcap_project_dashboards,short_url,"varchar(100) COLLATE utf8mb4_unicode_ci DEFAULT NULL,"
redcap_project_dashboards,is_public,"tinyint(1) NOT NULL DEFAULT '0',"
redcap_project_dashboards,cache_time,"datetime DEFAULT NULL,"
redcap_project_dashboards,cache_content,"longtext COLLATE utf8mb4_unicode_ci DEFAULT NULL,"
redcap_project_dashboards_access_dags,dash_id,"int(10) NOT NULL AUTO_INCREMENT,"
redcap_project_dashboards_access_dags,group_id,"int(10) NOT NULL DEFAULT '0',"
redcap_project_dashboards_access_roles,dash_id,"int(10) NOT NULL DEFAULT '0',"
redcap_project_dashboards_access_roles,role_id,"int(10) NOT NULL DEFAULT '0',"
redcap_project_dashboards_access_users,dash_id,"int(10) NOT NULL AUTO_INCREMENT,"
redcap_project_dashboards_access_users,username,"varchar(191) COLLATE utf8mb4_unicode_ci NOT NULL DEFAULT '',"
redcap_project_dashboards_folders,folder_id,"int(10) NOT NULL AUTO_INCREMENT,"
redcap_project_dashboards_folders,project_id,"int(10) DEFAULT NULL,"
redcap_project_dashboards_folders,name,"varchar(64) COLLATE utf8mb4_unicode_ci DEFAULT NULL,"
redcap_project_dashboards_folders,position,"smallint(4) DEFAULT NULL,"
redcap_project_dashboards_folders_items,folder_id,"int(10) DEFAULT NULL,"
redcap_project_dashboards_folders_items,dash_id,"int(10) DEFAULT NULL,"
redcap_projects,project_id,"int(10) NOT NULL AUTO_INCREMENT,"
redcap_projects,project_name,"varchar(100) COLLATE utf8mb4_unicode_ci DEFAULT NULL,"
redcap_projects,app_title,"text COLLATE utf8mb4_unicode_ci DEFAULT NULL,"
redcap_projects,status,"int(1) NOT NULL DEFAULT '0',"
redcap_projects,creation_time,"datetime DEFAULT NULL,"
redcap_projects,production_time,"datetime DEFAULT NULL,"
redcap_projects,inactive_time,"datetime DEFAULT NULL,"
redcap_projects,completed_time,"datetime DEFAULT NULL,"
redcap_projects,completed_by,"varchar(100) COLLATE utf8mb4_unicode_ci DEFAULT NULL,"
redcap_projects,data_locked,"tinyint(1) NOT NULL DEFAULT '0',"
redcap_projects,log_event_table,"varchar(20) COLLATE utf8mb4_unicode_ci NOT NULL DEFAULT 'redcap_log_event' COMMENT 'Project redcap_log_event table',"
redcap_projects,data_table,"varchar(20) COLLATE utf8mb4_unicode_ci NOT NULL DEFAULT 'redcap_data' COMMENT 'Project redcap_data table',"
redcap_projects,created_by,"int(10) DEFAULT NULL COMMENT 'FK from User Info',"
redcap_projects,draft_mode,"int(1) NOT NULL DEFAULT '0',"
redcap_projects,surveys_enabled,"int(1) NOT NULL DEFAULT '0' COMMENT '0 = forms only, 1 = survey+forms, 2 = single survey only',"
redcap_projects,repeatforms,"int(1) NOT NULL DEFAULT '0',"
redcap_projects,scheduling,"int(1) NOT NULL DEFAULT '0',"
redcap_projects,purpose,"int(2) DEFAULT NULL,"
redcap_projects,purpose_other,"text COLLATE utf8mb4_unicode_ci DEFAULT NULL,"
redcap_projects,show_which_records,"int(1) NOT NULL DEFAULT '0',"
redcap_projects,__SALT__,"varchar(10) COLLATE utf8mb4_unicode_ci DEFAULT NULL COMMENT 'Alphanumeric hash unique to each project',"
redcap_projects,count_project,"int(1) NOT NULL DEFAULT '1',"
redcap_projects,investigators,"text COLLATE utf8mb4_unicode_ci DEFAULT NULL,"
redcap_projects,project_note,"mediumtext COLLATE utf8mb4_unicode_ci DEFAULT NULL,"
redcap_projects,online_offline,"int(1) NOT NULL DEFAULT '1',"
redcap_projects,auth_meth,"varchar(100) COLLATE utf8mb4_unicode_ci DEFAULT NULL,"
redcap_projects,double_data_entry,"int(1) NOT NULL DEFAULT '0',"
redcap_projects,project_language,"varchar(255) COLLATE utf8mb4_unicode_ci NOT NULL DEFAULT 'English',"
redcap_projects,project_encoding,"enum('japanese_sjis','chinese_utf8','chinese_utf8_traditional') COLLATE utf8mb4_unicode_ci DEFAULT NULL COMMENT 'Encoding to be used for various exported files',"
redcap_projects,is_child_of,"varchar(255) COLLATE utf8mb4_unicode_ci DEFAULT NULL,"
redcap_projects,date_shift_max,"int(10) NOT NULL DEFAULT '364',"
redcap_projects,institution,"text COLLATE utf8mb4_unicode_ci DEFAULT NULL,"
redcap_projects,site_org_type,"text COLLATE utf8mb4_unicode_ci DEFAULT NULL,"
redcap_projects,grant_cite,"text COLLATE utf8mb4_unicode_ci DEFAULT NULL,"
redcap_projects,project_contact_name,"text COLLATE utf8mb4_unicode_ci DEFAULT NULL,"
redcap_projects,project_contact_email,"text COLLATE utf8mb4_unicode_ci DEFAULT NULL,"
redcap_projects,headerlogo,"text COLLATE utf8mb4_unicode_ci DEFAULT NULL,"
redcap_projects,auto_inc_set,"int(1) NOT NULL DEFAULT '0',"
redcap_projects,custom_data_entry_note,"text COLLATE utf8mb4_unicode_ci DEFAULT NULL,"
redcap_projects,custom_index_page_note,"text COLLATE utf8mb4_unicode_ci DEFAULT NULL,"
redcap_projects,order_id_by,"varchar(255) COLLATE utf8mb4_unicode_ci DEFAULT NULL,"
redcap_projects,custom_reports,"mediumtext COLLATE utf8mb4_unicode_ci DEFAULT NULL COMMENT 'Legacy report builder',"
redcap_projects,report_builder,"mediumtext COLLATE utf8mb4_unicode_ci DEFAULT NULL,"
redcap_projects,disable_data_entry,"int(1) NOT NULL DEFAULT '0',"
redcap_projects,google_translate_default,"varchar(10) COLLATE utf8mb4_unicode_ci DEFAULT NULL,"
redcap_projects,require_change_reason,"int(1) NOT NULL DEFAULT '0',"
redcap_projects,dts_enabled,"int(1) NOT NULL DEFAULT '0',"
redcap_projects,project_pi_firstname,"varchar(255) COLLATE utf8mb4_unicode_ci DEFAULT NULL,"
redcap_projects,project_pi_mi,"varchar(255) COLLATE utf8mb4_unicode_ci DEFAULT NULL,"
redcap_projects,project_pi_lastname,"varchar(255) COLLATE utf8mb4_unicode_ci DEFAULT NULL,"
redcap_projects,project_pi_email,"varchar(255) COLLATE utf8mb4_unicode_ci DEFAULT NULL,"
redcap_projects,project_pi_alias,"varchar(255) COLLATE utf8mb4_unicode_ci DEFAULT NULL,"
redcap_projects,project_pi_username,"varchar(255) COLLATE utf8mb4_unicode_ci DEFAULT NULL,"
redcap_projects,project_pi_pub_exclude,"int(1) DEFAULT NULL,"
redcap_projects,project_pub_matching_institution,"text COLLATE utf8mb4_unicode_ci DEFAULT NULL,"
redcap_projects,project_irb_number,"varchar(255) COLLATE utf8mb4_unicode_ci DEFAULT NULL,"
redcap_projects,project_grant_number,"varchar(255) COLLATE utf8mb4_unicode_ci DEFAULT NULL,"
redcap_projects,history_widget_enabled,"int(1) NOT NULL DEFAULT '1',"
redcap_projects,secondary_pk,"varchar(100) COLLATE utf8mb4_unicode_ci DEFAULT NULL COMMENT 'field_name of seconary identifier',"
redcap_projects,secondary_pk_display_value,"tinyint(1) NOT NULL DEFAULT '1',"
redcap_projects,secondary_pk_display_label,"tinyint(1) NOT NULL DEFAULT '1',"
redcap_projects,custom_record_label,"text COLLATE utf8mb4_unicode_ci DEFAULT NULL,"
redcap_projects,display_project_logo_institution,"int(1) NOT NULL DEFAULT '1',"
redcap_projects,imported_from_rs,"int(1) NOT NULL DEFAULT '0' COMMENT 'If imported from REDCap Survey',"
redcap_projects,display_today_now_button,"int(1) NOT NULL DEFAULT '1',"
redcap_projects,auto_variable_naming,"int(1) NOT NULL DEFAULT '0',"
redcap_projects,randomization,"int(1) NOT NULL DEFAULT '0',"
redcap_projects,enable_participant_identifiers,"int(1) NOT NULL DEFAULT '0',"
redcap_projects,survey_email_participant_field,"varchar(255) COLLATE utf8mb4_unicode_ci DEFAULT NULL COMMENT 'Field name that stores participant email',"
redcap_projects,survey_phone_participant_field,"varchar(255) COLLATE utf8mb4_unicode_ci DEFAULT NULL COMMENT 'Field name that stores participant phone number',"
redcap_projects,data_entry_trigger_url,"text COLLATE utf8mb4_unicode_ci DEFAULT NULL COMMENT 'URL for sending Post request when a record is created or modified',"
redcap_projects,template_id,"int(10) DEFAULT NULL COMMENT 'If created from a project template, the project_id of the template',"
redcap_projects,date_deleted,"datetime DEFAULT NULL COMMENT 'Time that project was flagged for deletion',"
redcap_projects,data_resolution_enabled,"int(1) NOT NULL DEFAULT '1' COMMENT '0=Disabled, 1=Field comment log, 2=Data Quality resolution workflow',"
redcap_projects,field_comment_edit_delete,"int(1) NOT NULL DEFAULT '1' COMMENT 'Allow users to edit or delete Field Comments',"
redcap_projects,drw_hide_closed_queries_from_dq_results,"tinyint(1) NOT NULL DEFAULT '1' COMMENT 'Hide closed and verified DRW data queries from Data Quality results',"
redcap_projects,realtime_webservice_enabled,"int(1) NOT NULL DEFAULT '0' COMMENT 'Is real-time web service enabled for external data import?',"
redcap_projects,realtime_webservice_type,"enum('CUSTOM','FHIR') COLLATE utf8mb4_unicode_ci NOT NULL DEFAULT 'CUSTOM',"
redcap_projects,realtime_webservice_offset_days,"float NOT NULL DEFAULT '7' COMMENT 'Default value of days offset',"
redcap_projects,realtime_webservice_offset_plusminus,"enum('+','-','+-') COLLATE utf8mb4_unicode_ci NOT NULL DEFAULT '+-' COMMENT 'Default value of plus-minus range for days offset',"
redcap_projects,last_logged_event,"datetime DEFAULT NULL,"
redcap_projects,last_logged_event_exclude_exports,"datetime DEFAULT NULL,"
redcap_projects,edoc_upload_max,"int(10) DEFAULT NULL,"
redcap_projects,file_attachment_upload_max,"int(10) DEFAULT NULL,"
redcap_projects,survey_queue_custom_text,"text COLLATE utf8mb4_unicode_ci DEFAULT NULL,"
redcap_projects,survey_queue_hide,"tinyint(1) NOT NULL DEFAULT '0',"
redcap_projects,survey_auth_enabled,"int(1) NOT NULL DEFAULT '0',"
redcap_projects,survey_auth_field1,"varchar(100) COLLATE utf8mb4_unicode_ci DEFAULT NULL,"
redcap_projects,survey_auth_event_id1,"int(10) DEFAULT NULL,"
redcap_projects,survey_auth_field2,"varchar(100) COLLATE utf8mb4_unicode_ci DEFAULT NULL,"
redcap_projects,survey_auth_event_id2,"int(10) DEFAULT NULL,"
redcap_projects,survey_auth_field3,"varchar(100) COLLATE utf8mb4_unicode_ci DEFAULT NULL,"
redcap_projects,survey_auth_event_id3,"int(10) DEFAULT NULL,"
redcap_projects,survey_auth_min_fields,"enum('1','2','3') COLLATE utf8mb4_unicode_ci DEFAULT NULL,"
redcap_projects,survey_auth_apply_all_surveys,"int(1) NOT NULL DEFAULT '1',"
redcap_projects,survey_auth_custom_message,"text COLLATE utf8mb4_unicode_ci DEFAULT NULL,"
redcap_projects,survey_auth_fail_limit,"int(2) DEFAULT NULL,"
redcap_projects,survey_auth_fail_window,"int(3) DEFAULT NULL,"
redcap_projects,twilio_enabled,"int(1) NOT NULL DEFAULT '0',"
redcap_projects,twilio_modules_enabled,"enum('SURVEYS','ALERTS','SURVEYS_ALERTS') COLLATE utf8mb4_unicode_ci NOT NULL DEFAULT 'SURVEYS',"
redcap_projects,twilio_hide_in_project,"tinyint(1) NOT NULL DEFAULT '0',"
redcap_projects,twilio_account_sid,"varchar(64) COLLATE utf8mb4_unicode_ci DEFAULT NULL,"
redcap_projects,twilio_auth_token,"varchar(64) COLLATE utf8mb4_unicode_ci DEFAULT NULL,"
redcap_projects,twilio_from_number,"bigint(16) DEFAULT NULL,"
redcap_projects,twilio_alphanum_sender_id,"varchar(50) COLLATE utf8mb4_unicode_ci DEFAULT NULL,"
redcap_projects,twilio_voice_language,"varchar(5) COLLATE utf8mb4_unicode_ci NOT NULL DEFAULT 'en',"
redcap_projects,twilio_option_voice_initiate,"tinyint(1) NOT NULL DEFAULT '0',"
redcap_projects,twilio_option_sms_initiate,"tinyint(1) NOT NULL DEFAULT '0',"
redcap_projects,twilio_option_sms_invite_make_call,"tinyint(1) NOT NULL DEFAULT '0',"
redcap_projects,twilio_option_sms_invite_receive_call,"tinyint(1) NOT NULL DEFAULT '0',"
redcap_projects,twilio_option_sms_invite_web,"tinyint(1) NOT NULL DEFAULT '0',"
redcap_projects,twilio_default_delivery_preference,"enum('EMAIL','VOICE_INITIATE','SMS_INITIATE','SMS_INVITE_MAKE_CALL','SMS_INVITE_RECEIVE_CALL','SMS_INVITE_WEB') COLLATE utf8mb4_unicode_ci NOT NULL DEFAULT 'EMAIL',"
redcap_projects,twilio_request_inspector_checked,"datetime DEFAULT NULL,"
redcap_projects,twilio_request_inspector_enabled,"int(1) NOT NULL DEFAULT '1',"
redcap_projects,twilio_append_response_instructions,"int(1) NOT NULL DEFAULT '1',"
redcap_projects,twilio_multiple_sms_behavior,"enum('OVERWRITE','CHOICE','FIRST') COLLATE utf8mb4_unicode_ci NOT NULL DEFAULT 'CHOICE',"
redcap_projects,twilio_delivery_preference_field_map,"varchar(100) COLLATE utf8mb4_unicode_ci DEFAULT NULL,"
redcap_projects,mosio_api_key,"varchar(100) COLLATE utf8mb4_unicode_ci DEFAULT NULL,"
redcap_projects,mosio_hide_in_project,"tinyint(1) NOT NULL DEFAULT '0',"
redcap_projects,two_factor_exempt_project,"tinyint(1) NOT NULL DEFAULT '0',"
redcap_projects,two_factor_force_project,"tinyint(1) NOT NULL DEFAULT '0',"
redcap_projects,two_factor_project_esign_once_per_session,"tinyint(1) DEFAULT NULL,"
redcap_projects,disable_autocalcs,"tinyint(1) NOT NULL DEFAULT '0',"
redcap_projects,custom_public_survey_links,"text COLLATE utf8mb4_unicode_ci DEFAULT NULL,"
redcap_projects,pdf_custom_header_text,"text COLLATE utf8mb4_unicode_ci DEFAULT NULL,"
redcap_projects,pdf_show_logo_url,"tinyint(1) NOT NULL DEFAULT '1',"
redcap_projects,pdf_hide_secondary_field,"tinyint(1) NOT NULL DEFAULT '0',"
redcap_projects,pdf_hide_record_id,"tinyint(1) NOT NULL DEFAULT '0',"
redcap_projects,shared_library_enabled,"tinyint(1) NOT NULL DEFAULT '1',"
redcap_projects,allow_delete_record_from_log,"tinyint(1) NOT NULL DEFAULT '0',"
redcap_projects,delete_file_repository_export_files,"int(3) NOT NULL DEFAULT '0' COMMENT 'Will auto-delete files after X days',"
redcap_projects,custom_project_footer_text,"text COLLATE utf8mb4_unicode_ci DEFAULT NULL,"
redcap_projects,custom_project_footer_text_link,"varchar(255) COLLATE utf8mb4_unicode_ci DEFAULT NULL,"
redcap_projects,google_recaptcha_enabled,"tinyint(1) NOT NULL DEFAULT '0',"
redcap_projects,datamart_allow_repeat_revision,"tinyint(1) NOT NULL DEFAULT '0' COMMENT 'If true, a normal user can run a revision multiple times',"
redcap_projects,datamart_allow_create_revision,"tinyint(1) NOT NULL DEFAULT '0' COMMENT 'If true, a normal user can request a new revision',"
redcap_projects,datamart_enabled,"tinyint(1) NOT NULL DEFAULT '0' COMMENT 'Is project a Clinical Data Mart project?',"
redcap_projects,break_the_glass_enabled,"tinyint(1) NOT NULL DEFAULT '0' COMMENT 'Are users allowed to use the Epic feature Break-the-Glass feature?',"
redcap_projects,datamart_cron_enabled,"tinyint(1) NOT NULL DEFAULT '0' COMMENT 'If true, the cron job will pull data automatically for all records at a specified interval X times per day.',"
redcap_projects,datamart_cron_end_date,"datetime DEFAULT NULL COMMENT 'stop processing the cron job after this date',"
redcap_projects,fhir_include_email_address_project,"tinyint(1) DEFAULT NULL,"
redcap_projects,file_upload_vault_enabled,"tinyint(1) NOT NULL DEFAULT '0',"
redcap_projects,file_upload_versioning_enabled,"tinyint(1) NOT NULL DEFAULT '1',"
redcap_projects,missing_data_codes,"text COLLATE utf8mb4_unicode_ci DEFAULT NULL,"
redcap_projects,record_locking_pdf_vault_enabled,"tinyint(1) NOT NULL DEFAULT '0',"
redcap_projects,record_locking_pdf_vault_custom_text,"text COLLATE utf8mb4_unicode_ci DEFAULT NULL,"
redcap_projects,fhir_cdp_auto_adjudication_enabled,"tinyint(1) NOT NULL DEFAULT '0' COMMENT 'If true, auto adjudicate data in CDP projects',"
redcap_projects,fhir_cdp_auto_adjudication_cronjob_enabled,"tinyint(1) NOT NULL DEFAULT '0' COMMENT 'If true, the cron job will auto adjudicate data in CDP projects',"
redcap_projects,project_dashboard_min_data_points,"int(10) DEFAULT NULL,"
redcap_projects,bypass_branching_erase_field_prompt,"tinyint(1) NOT NULL DEFAULT '0',"
redcap_projects,protected_email_mode,"tinyint(1) NOT NULL DEFAULT '0',"
redcap_projects,protected_email_mode_custom_text,"text COLLATE utf8mb4_unicode_ci DEFAULT NULL,"
redcap_projects,protected_email_mode_trigger,"enum('ALL','PIPING') COLLATE utf8mb4_unicode_ci NOT NULL DEFAULT 'ALL',"
redcap_projects,protected_email_mode_logo,"int(10) DEFAULT NULL,"
redcap_projects,hide_filled_forms,"tinyint(1) NOT NULL DEFAULT '1',"
redcap_projects,hide_disabled_forms,"tinyint(1) NOT NULL DEFAULT '0',"
redcap_projects,sendgrid_enabled,"tinyint(1) NOT NULL DEFAULT '0',"
redcap_projects,sendgrid_project_api_key,"text COLLATE utf8mb4_unicode_ci DEFAULT NULL,"
redcap_projects,mycap_enabled,"tinyint(1) NOT NULL DEFAULT '0' COMMENT 'Is project a MyCap project?',"
redcap_projects,file_repository_total_size,"int(10) DEFAULT NULL COMMENT 'MB',"
redcap_projects,project_db_character_set,"varchar(50) COLLATE utf8mb4_unicode_ci DEFAULT NULL,"
redcap_projects,project_db_collation,"varchar(50) COLLATE utf8mb4_unicode_ci DEFAULT NULL,"
redcap_projects,ehr_id,"int(11) DEFAULT NULL,"
redcap_projects,allow_econsent_allow_edit,"tinyint(1) NOT NULL DEFAULT '1' COMMENT 'Set to 0 to prevent users from modifying a completed e-Consent response in the project.',"
redcap_projects,store_in_vault_snapshots_containing_completed_econsent,"tinyint(1) NOT NULL DEFAULT '1' COMMENT 'Regarding non-e-Consent governed snapshots only, store in Vault (if enabled) if snapshot contains a completed e-Consent response?',"
redcap_projects,task_complete_status,"tinyint(1) NOT NULL DEFAULT '0' COMMENT 'Task completion status when submitted from app-side. 0 - Incomplete, 1 - Unverified, 2 - Complete',"
redcap_projects,local_storage_subfolder,"varchar(100) COLLATE utf8mb4_unicode_ci DEFAULT NULL,"
redcap_projects,openai_endpoint_url_project,"text COLLATE utf8mb4_unicode_ci DEFAULT NULL,"
redcap_projects,openai_api_key_project,"text COLLATE utf8mb4_unicode_ci DEFAULT NULL,"
redcap_projects,openai_api_version_project,"text COLLATE utf8mb4_unicode_ci DEFAULT NULL,"
redcap_projects,geminiai_api_key_project,"text COLLATE utf8mb4_unicode_ci DEFAULT NULL,"
redcap_projects,geminiai_api_model_project,"text COLLATE utf8mb4_unicode_ci DEFAULT NULL,"
redcap_projects,geminiai_api_version_project,"text COLLATE utf8mb4_unicode_ci DEFAULT NULL,"
redcap_projects,max_records_development,"int(11) NOT NULL DEFAULT '0' COMMENT '0=Disabled',"
redcap_projects,rewards_enabled,"tinyint(1) NOT NULL DEFAULT '0',"
redcap_projects_external,project_id,"varchar(32) COLLATE utf8mb4_unicode_ci NOT NULL COMMENT 'Brief user-defined project identifier unique within custom_type',"
redcap_projects_external,custom_type,"varchar(32) COLLATE utf8mb4_unicode_ci NOT NULL COMMENT 'Brief user-defined name for the resource/category/bucket under which the project falls',"
redcap_projects_external,app_title,"text COLLATE utf8mb4_unicode_ci DEFAULT NULL,"
redcap_projects_external,creation_time,"datetime DEFAULT NULL,"
redcap_projects_external,project_pi_firstname,"varchar(255) COLLATE utf8mb4_unicode_ci DEFAULT NULL,"
redcap_projects_external,project_pi_mi,"varchar(255) COLLATE utf8mb4_unicode_ci DEFAULT NULL,"
redcap_projects_external,project_pi_lastname,"varchar(255) COLLATE utf8mb4_unicode_ci DEFAULT NULL,"
redcap_projects_external,project_pi_email,"varchar(255) COLLATE utf8mb4_unicode_ci DEFAULT NULL,"
redcap_projects_external,project_pi_alias,"varchar(255) COLLATE utf8mb4_unicode_ci DEFAULT NULL,"
redcap_projects_external,project_pi_pub_exclude,"int(1) DEFAULT NULL,"
redcap_projects_external,project_pub_matching_institution,"text COLLATE utf8mb4_unicode_ci NOT NULL,"
redcap_projects_templates,project_id,"int(10) NOT NULL DEFAULT '0',"
redcap_projects_templates,title,"text COLLATE utf8mb4_unicode_ci DEFAULT NULL,"
redcap_projects_templates,description,"text COLLATE utf8mb4_unicode_ci DEFAULT NULL,"
redcap_projects_templates,enabled,"int(1) NOT NULL DEFAULT '0' COMMENT 'If enabled, template is visible to users in list.',"
redcap_projects_templates,copy_records,"tinyint(1) NOT NULL DEFAULT '0',"
redcap_projects_user_hidden,project_id,"int(10) NOT NULL,"
redcap_projects_user_hidden,ui_id,"int(10) NOT NULL,"
redcap_pub_articles,article_id,"int(10) NOT NULL AUTO_INCREMENT,"
redcap_pub_articles,pubsrc_id,"int(10) NOT NULL,"
redcap_pub_articles,pub_id,"varchar(16) COLLATE utf8mb4_unicode_ci NOT NULL COMMENT 'The publication source''s ID for the article (e.g., a PMID in the case of PubMed)',"
redcap_pub_articles,title,"text COLLATE utf8mb4_unicode_ci DEFAULT NULL,"
redcap_pub_articles,volume,"varchar(16) COLLATE utf8mb4_unicode_ci DEFAULT NULL,"
redcap_pub_articles,issue,"varchar(16) COLLATE utf8mb4_unicode_ci DEFAULT NULL,"
redcap_pub_articles,pages,"varchar(16) COLLATE utf8mb4_unicode_ci DEFAULT NULL,"
redcap_pub_articles,journal,"text COLLATE utf8mb4_unicode_ci DEFAULT NULL,"
redcap_pub_articles,journal_abbrev,"varchar(64) COLLATE utf8mb4_unicode_ci DEFAULT NULL,"
redcap_pub_articles,pub_date,"date DEFAULT NULL,"
redcap_pub_articles,epub_date,"date DEFAULT NULL,"
redcap_pub_authors,author_id,"int(10) NOT NULL AUTO_INCREMENT,"
redcap_pub_authors,article_id,"int(10) DEFAULT NULL,"
redcap_pub_authors,author,"varchar(100) COLLATE utf8mb4_unicode_ci DEFAULT NULL,"
redcap_pub_matches,match_id,"int(11) NOT NULL AUTO_INCREMENT,"
redcap_pub_matches,article_id,"int(11) NOT NULL,"
redcap_pub_matches,project_id,"int(11) DEFAULT NULL,"
redcap_pub_matches,external_project_id,"varchar(32) COLLATE utf8mb4_unicode_ci DEFAULT NULL COMMENT 'FK 1/2 referencing redcap_projects_external (not explicitly defined as FK to allow redcap_projects_external to be blown away)',"
redcap_pub_matches,external_custom_type,"varchar(32) COLLATE utf8mb4_unicode_ci DEFAULT NULL COMMENT 'FK 2/2 referencing redcap_projects_external (not explicitly defined as FK to allow redcap_projects_external to be blown away)',"
redcap_pub_matches,search_term,"varchar(255) COLLATE utf8mb4_unicode_ci NOT NULL,"
redcap_pub_matches,matched,"int(1) DEFAULT NULL,"
redcap_pub_matches,matched_time,"datetime DEFAULT NULL,"
redcap_pub_matches,email_count,"int(11) NOT NULL DEFAULT '0',"
redcap_pub_matches,email_time,"datetime DEFAULT NULL,"
redcap_pub_matches,unique_hash,"varchar(32) COLLATE utf8mb4_unicode_ci NOT NULL,"
redcap_pub_mesh_terms,mesh_id,"int(10) NOT NULL AUTO_INCREMENT,"
redcap_pub_mesh_terms,article_id,"int(10) DEFAULT NULL,"
redcap_pub_mesh_terms,mesh_term,"varchar(255) COLLATE utf8mb4_unicode_ci DEFAULT NULL,"
redcap_pub_sources,pubsrc_id,"int(11) NOT NULL,"
redcap_pub_sources,pubsrc_name,"varchar(32) COLLATE utf8mb4_unicode_ci NOT NULL,"
redcap_pub_sources,pubsrc_last_crawl_time,"datetime DEFAULT NULL,"
redcap_queue,id,"int(11) NOT NULL AUTO_INCREMENT,"
redcap_queue,key,"varchar(255) COLLATE utf8mb4_unicode_ci DEFAULT NULL,"
redcap_queue,description,"varchar(191) COLLATE utf8mb4_unicode_ci DEFAULT NULL,"
redcap_queue,status,"enum('waiting','processing','completed','warning','error','canceled') COLLATE utf8mb4_unicode_ci DEFAULT NULL,"
redcap_queue,priority,"int(11) DEFAULT NULL,"
redcap_queue,message,"varchar(191) COLLATE utf8mb4_unicode_ci DEFAULT NULL,"
redcap_queue,data,"blob DEFAULT NULL,"
redcap_queue,created_at,"datetime DEFAULT NULL,"
redcap_queue,started_at,"datetime DEFAULT NULL,"
redcap_queue,completed_at,"datetime DEFAULT NULL,"
redcap_randomization,rid,"int(10) NOT NULL AUTO_INCREMENT,"
redcap_randomization,project_id,"int(10) DEFAULT NULL,"
redcap_randomization,stratified,"int(1) NOT NULL DEFAULT '1' COMMENT '1=Stratified, 0=Block',"
redcap_randomization,group_by,"enum('DAG','FIELD') COLLATE utf8mb4_unicode_ci DEFAULT NULL COMMENT 'Randomize by group?',"
redcap_randomization,target_field,"varchar(100) COLLATE utf8mb4_unicode_ci DEFAULT NULL,"
redcap_randomization,target_event,"int(10) DEFAULT NULL,"
redcap_randomization,source_field1,"varchar(100) COLLATE utf8mb4_unicode_ci DEFAULT NULL,"
redcap_randomization,source_event1,"int(10) DEFAULT NULL,"
redcap_randomization,source_field2,"varchar(100) COLLATE utf8mb4_unicode_ci DEFAULT NULL,"
redcap_randomization,source_event2,"int(10) DEFAULT NULL,"
redcap_randomization,source_field3,"varchar(100) COLLATE utf8mb4_unicode_ci DEFAULT NULL,"
redcap_randomization,source_event3,"int(10) DEFAULT NULL,"
redcap_randomization,source_field4,"varchar(100) COLLATE utf8mb4_unicode_ci DEFAULT NULL,"
redcap_randomization,source_event4,"int(10) DEFAULT NULL,"
redcap_randomization,source_field5,"varchar(100) COLLATE utf8mb4_unicode_ci DEFAULT NULL,"
redcap_randomization,source_event5,"int(10) DEFAULT NULL,"
redcap_randomization,source_field6,"varchar(100) COLLATE utf8mb4_unicode_ci DEFAULT NULL,"
redcap_randomization,source_event6,"int(10) DEFAULT NULL,"
redcap_randomization,source_field7,"varchar(100) COLLATE utf8mb4_unicode_ci DEFAULT NULL,"
redcap_randomization,source_event7,"int(10) DEFAULT NULL,"
redcap_randomization,source_field8,"varchar(100) COLLATE utf8mb4_unicode_ci DEFAULT NULL,"
redcap_randomization,source_event8,"int(10) DEFAULT NULL,"
redcap_randomization,source_field9,"varchar(100) COLLATE utf8mb4_unicode_ci DEFAULT NULL,"
redcap_randomization,source_event9,"int(10) DEFAULT NULL,"
redcap_randomization,source_field10,"varchar(100) COLLATE utf8mb4_unicode_ci DEFAULT NULL,"
redcap_randomization,source_event10,"int(10) DEFAULT NULL,"
redcap_randomization,source_field11,"varchar(100) COLLATE utf8mb4_unicode_ci DEFAULT NULL,"
redcap_randomization,source_event11,"int(10) DEFAULT NULL,"
redcap_randomization,source_field12,"varchar(100) COLLATE utf8mb4_unicode_ci DEFAULT NULL,"
redcap_randomization,source_event12,"int(10) DEFAULT NULL,"
redcap_randomization,source_field13,"varchar(100) COLLATE utf8mb4_unicode_ci DEFAULT NULL,"
redcap_randomization,source_event13,"int(10) DEFAULT NULL,"
redcap_randomization,source_field14,"varchar(100) COLLATE utf8mb4_unicode_ci DEFAULT NULL,"
redcap_randomization,source_event14,"int(10) DEFAULT NULL,"
redcap_randomization,source_field15,"varchar(100) COLLATE utf8mb4_unicode_ci DEFAULT NULL,"
redcap_randomization,source_event15,"int(10) DEFAULT NULL,"
redcap_randomization,trigger_option,"int(1) DEFAULT NULL,"
redcap_randomization,trigger_instrument,"varchar(100) COLLATE utf8mb4_unicode_ci DEFAULT NULL,"
redcap_randomization,trigger_event_id,"int(10) DEFAULT NULL,"
redcap_randomization,trigger_logic,"text COLLATE utf8mb4_unicode_ci DEFAULT NULL,"
redcap_randomization_allocation,aid,"int(10) NOT NULL AUTO_INCREMENT,"
redcap_randomization_allocation,rid,"int(10) NOT NULL DEFAULT '0',"
redcap_randomization_allocation,project_status,"int(1) NOT NULL DEFAULT '0' COMMENT 'Used in dev or prod status',"
redcap_randomization_allocation,is_used_by,"varchar(100) COLLATE utf8mb4_unicode_ci DEFAULT NULL COMMENT 'Used by a record?',"
redcap_randomization_allocation,allocation_time,"datetime DEFAULT NULL,"
redcap_randomization_allocation,allocation_time_utc,"datetime DEFAULT NULL,"
redcap_randomization_allocation,group_id,"int(10) DEFAULT NULL COMMENT 'DAG',"
redcap_randomization_allocation,target_field,"varchar(100) COLLATE utf8mb4_unicode_ci DEFAULT NULL COMMENT 'Data value',"
redcap_randomization_allocation,target_field_alt,"varchar(100) COLLATE utf8mb4_unicode_ci DEFAULT NULL,"
redcap_randomization_allocation,source_field1,"varchar(100) COLLATE utf8mb4_unicode_ci DEFAULT NULL COMMENT 'Data value',"
redcap_randomization_allocation,source_field2,"varchar(100) COLLATE utf8mb4_unicode_ci DEFAULT NULL COMMENT 'Data value',"
redcap_randomization_allocation,source_field3,"varchar(100) COLLATE utf8mb4_unicode_ci DEFAULT NULL COMMENT 'Data value',"
redcap_randomization_allocation,source_field4,"varchar(100) COLLATE utf8mb4_unicode_ci DEFAULT NULL COMMENT 'Data value',"
redcap_randomization_allocation,source_field5,"varchar(100) COLLATE utf8mb4_unicode_ci DEFAULT NULL COMMENT 'Data value',"
redcap_randomization_allocation,source_field6,"varchar(100) COLLATE utf8mb4_unicode_ci DEFAULT NULL COMMENT 'Data value',"
redcap_randomization_allocation,source_field7,"varchar(100) COLLATE utf8mb4_unicode_ci DEFAULT NULL COMMENT 'Data value',"
redcap_randomization_allocation,source_field8,"varchar(100) COLLATE utf8mb4_unicode_ci DEFAULT NULL COMMENT 'Data value',"
redcap_randomization_allocation,source_field9,"varchar(100) COLLATE utf8mb4_unicode_ci DEFAULT NULL COMMENT 'Data value',"
redcap_randomization_allocation,source_field10,"varchar(100) COLLATE utf8mb4_unicode_ci DEFAULT NULL COMMENT 'Data value',"
redcap_randomization_allocation,source_field11,"varchar(100) COLLATE utf8mb4_unicode_ci DEFAULT NULL COMMENT 'Data value',"
redcap_randomization_allocation,source_field12,"varchar(100) COLLATE utf8mb4_unicode_ci DEFAULT NULL COMMENT 'Data value',"
redcap_randomization_allocation,source_field13,"varchar(100) COLLATE utf8mb4_unicode_ci DEFAULT NULL COMMENT 'Data value',"
redcap_randomization_allocation,source_field14,"varchar(100) COLLATE utf8mb4_unicode_ci DEFAULT NULL COMMENT 'Data value',"
redcap_randomization_allocation,source_field15,"varchar(100) COLLATE utf8mb4_unicode_ci DEFAULT NULL COMMENT 'Data value',"
redcap_record_background_delete,delete_id,"int(10) NOT NULL AUTO_INCREMENT,"
redcap_record_background_delete,project_id,"int(10) DEFAULT NULL,"
redcap_record_background_delete,user_id,"int(10) DEFAULT NULL COMMENT 'User deleting the records',"
redcap_record_background_delete,request_time,"datetime DEFAULT NULL,"
redcap_record_background_delete,start_time,"datetime DEFAULT NULL,"
redcap_record_background_delete,completed_time,"datetime DEFAULT NULL,"
redcap_record_background_delete,status,"enum('INITIALIZING','QUEUED','PROCESSING','COMPLETED','FAILED','CANCELED','PAUSED') COLLATE utf8mb4_unicode_ci NOT NULL DEFAULT 'INITIALIZING',"
redcap_record_background_delete,form_event,"mediumtext COLLATE utf8mb4_unicode_ci DEFAULT NULL,"
redcap_record_background_delete,records_provided,"int(10) DEFAULT NULL,"
redcap_record_background_delete,records_deleted,"int(10) DEFAULT NULL,"
redcap_record_background_delete,total_errors,"int(10) DEFAULT NULL,"
redcap_record_background_delete,total_processing_time,"int(10) DEFAULT NULL COMMENT 'seconds',"
redcap_record_background_delete,remove_log_details,"tinyint(1) NOT NULL DEFAULT '0' COMMENT 'If data details for record should be wiped from the log',"
redcap_record_background_delete,change_reason,"text COLLATE utf8mb4_unicode_ci DEFAULT NULL,"
redcap_record_background_delete_items,dr_id,"int(10) NOT NULL AUTO_INCREMENT,"
redcap_record_background_delete_items,delete_id,"int(10) NOT NULL,"
redcap_record_background_delete_items,record,"varchar(100) COLLATE utf8mb4_unicode_ci DEFAULT NULL,"
redcap_record_background_delete_items,arm_id,"int(10) DEFAULT NULL,"
redcap_record_background_delete_items,row_status,"enum('QUEUED','PROCESSING','COMPLETED','FAILED','CANCELED') COLLATE utf8mb4_unicode_ci NOT NULL DEFAULT 'QUEUED',"
redcap_record_background_delete_items,start_time,"datetime DEFAULT NULL,"
redcap_record_background_delete_items,end_time,"datetime DEFAULT NULL,"
redcap_record_background_delete_items,total_time,"int(10) DEFAULT NULL COMMENT 'milliseconds',"
redcap_record_background_delete_items,error_count,"int(10) DEFAULT NULL,"
redcap_record_background_delete_items,errors,"text COLLATE utf8mb4_unicode_ci DEFAULT NULL,"
redcap_record_counts,project_id,"int(11) NOT NULL,"
redcap_record_counts,record_count,"int(11) DEFAULT NULL,"
redcap_record_counts,time_of_count,"timestamp NOT NULL DEFAULT CURRENT_TIMESTAMP,"
redcap_record_counts,record_list_status,"enum('NOT_STARTED','PROCESSING','COMPLETE','FIX_SORT') COLLATE utf8mb4_unicode_ci NOT NULL DEFAULT 'NOT_STARTED',"
redcap_record_counts,time_of_list_cache,"timestamp NULL DEFAULT NULL,"
redcap_record_dashboards,rd_id,"int(11) NOT NULL AUTO_INCREMENT,"
redcap_record_dashboards,project_id,"int(11) DEFAULT NULL,"
redcap_record_dashboards,title,"varchar(255) COLLATE utf8mb4_unicode_ci DEFAULT NULL,"
redcap_record_dashboards,description,"text COLLATE utf8mb4_unicode_ci DEFAULT NULL,"
redcap_record_dashboards,filter_logic,"text COLLATE utf8mb4_unicode_ci DEFAULT NULL,"
redcap_record_dashboards,orientation,"enum('V','H') COLLATE utf8mb4_unicode_ci NOT NULL DEFAULT 'H',"
redcap_record_dashboards,group_by,"enum('form','event') COLLATE utf8mb4_unicode_ci NOT NULL DEFAULT 'event',"
redcap_record_dashboards,selected_forms_events,"text COLLATE utf8mb4_unicode_ci DEFAULT NULL,"
redcap_record_dashboards,arm,"int(2) DEFAULT NULL,"
redcap_record_dashboards,sort_event_id,"int(11) DEFAULT NULL,"
redcap_record_dashboards,sort_field_name,"varchar(100) COLLATE utf8mb4_unicode_ci DEFAULT NULL,"
redcap_record_dashboards,sort_order,"enum('ASC','DESC') COLLATE utf8mb4_unicode_ci NOT NULL DEFAULT 'ASC',"
redcap_record_list,project_id,"int(10) NOT NULL,"
redcap_record_list,arm,"int(2) NOT NULL,"
redcap_record_list,record,"varchar(100) COLLATE utf8mb4_unicode_ci NOT NULL,"
redcap_record_list,dag_id,"int(10) DEFAULT NULL,"
redcap_record_list,sort,"mediumint(7) DEFAULT NULL,"
redcap_reports,report_id,"int(10) NOT NULL AUTO_INCREMENT,"
redcap_reports,project_id,"int(10) NOT NULL,"
redcap_reports,title,"text COLLATE utf8mb4_unicode_ci DEFAULT NULL,"
redcap_reports,unique_report_name,"varchar(50) COLLATE utf8mb4_unicode_ci DEFAULT NULL,"
redcap_reports,report_order,"int(3) DEFAULT NULL,"
redcap_reports,user_access,"enum('ALL','SELECTED') COLLATE utf8mb4_unicode_ci NOT NULL DEFAULT 'ALL',"
redcap_reports,user_edit_access,"enum('ALL','SELECTED') COLLATE utf8mb4_unicode_ci NOT NULL DEFAULT 'ALL',"
redcap_reports,description,"text COLLATE utf8mb4_unicode_ci DEFAULT NULL,"
redcap_reports,combine_checkbox_values,"tinyint(1) NOT NULL DEFAULT '0',"
redcap_reports,output_dags,"int(1) NOT NULL DEFAULT '0',"
redcap_reports,output_survey_fields,"int(1) NOT NULL DEFAULT '0',"
redcap_reports,output_missing_data_codes,"int(1) NOT NULL DEFAULT '0',"
redcap_reports,remove_line_breaks_in_values,"int(1) NOT NULL DEFAULT '1',"
redcap_reports,orderby_field1,"varchar(100) COLLATE utf8mb4_unicode_ci DEFAULT NULL,"
redcap_reports,orderby_sort1,"enum('ASC','DESC') COLLATE utf8mb4_unicode_ci DEFAULT NULL,"
redcap_reports,orderby_field2,"varchar(100) COLLATE utf8mb4_unicode_ci DEFAULT NULL,"
redcap_reports,orderby_sort2,"enum('ASC','DESC') COLLATE utf8mb4_unicode_ci DEFAULT NULL,"
redcap_reports,orderby_field3,"varchar(100) COLLATE utf8mb4_unicode_ci DEFAULT NULL,"
redcap_reports,orderby_sort3,"enum('ASC','DESC') COLLATE utf8mb4_unicode_ci DEFAULT NULL,"
redcap_reports,advanced_logic,"text COLLATE utf8mb4_unicode_ci DEFAULT NULL,"
redcap_reports,filter_type,"enum('RECORD','EVENT') COLLATE utf8mb4_unicode_ci NOT NULL DEFAULT 'EVENT',"
redcap_reports,dynamic_filter1,"varchar(255) COLLATE utf8mb4_unicode_ci DEFAULT NULL,"
redcap_reports,dynamic_filter2,"varchar(255) COLLATE utf8mb4_unicode_ci DEFAULT NULL,"
redcap_reports,dynamic_filter3,"varchar(255) COLLATE utf8mb4_unicode_ci DEFAULT NULL,"
redcap_reports,hash,"varchar(16) CHARACTER SET latin1 COLLATE latin1_general_cs DEFAULT NULL,"
redcap_reports,short_url,"varchar(100) COLLATE utf8mb4_unicode_ci DEFAULT NULL,"
redcap_reports,is_public,"tinyint(1) NOT NULL DEFAULT '0',"
redcap_reports,report_display_include_repeating_fields,"tinyint(1) NOT NULL DEFAULT '1',"
redcap_reports,report_display_header,"enum('LABEL','VARIABLE','BOTH') COLLATE utf8mb4_unicode_ci NOT NULL DEFAULT 'BOTH',"
redcap_reports,report_display_data,"enum('LABEL','RAW','BOTH') COLLATE utf8mb4_unicode_ci NOT NULL DEFAULT 'BOTH',"
redcap_reports_access_dags,report_id,"int(10) NOT NULL AUTO_INCREMENT,"
redcap_reports_access_dags,group_id,"int(10) NOT NULL DEFAULT '0',"
redcap_reports_access_roles,report_id,"int(10) NOT NULL DEFAULT '0',"
redcap_reports_access_roles,role_id,"int(10) NOT NULL DEFAULT '0',"
redcap_reports_access_users,report_id,"int(10) NOT NULL AUTO_INCREMENT,"
redcap_reports_access_users,username,"varchar(191) COLLATE utf8mb4_unicode_ci NOT NULL DEFAULT '',"
redcap_reports_ai_prompts,project_id,"int(10) NOT NULL,"
redcap_reports_ai_prompts,report_id,"int(10) DEFAULT NULL,"
redcap_reports_ai_prompts,field_name,"varchar(100) COLLATE utf8mb4_unicode_ci DEFAULT NULL,"
redcap_reports_ai_prompts,summary_prompt,"text COLLATE utf8mb4_unicode_ci DEFAULT NULL,"
redcap_reports_edit_access_dags,report_id,"int(10) NOT NULL AUTO_INCREMENT,"
redcap_reports_edit_access_dags,group_id,"int(10) NOT NULL DEFAULT '0',"
redcap_reports_edit_access_roles,report_id,"int(10) NOT NULL DEFAULT '0',"
redcap_reports_edit_access_roles,role_id,"int(10) NOT NULL DEFAULT '0',"
redcap_reports_edit_access_users,report_id,"int(10) NOT NULL AUTO_INCREMENT,"
redcap_reports_edit_access_users,username,"varchar(191) COLLATE utf8mb4_unicode_ci NOT NULL DEFAULT '',"
redcap_reports_fields,report_id,"int(10) DEFAULT NULL,"
redcap_reports_fields,field_name,"varchar(100) COLLATE utf8mb4_unicode_ci DEFAULT NULL,"
redcap_reports_fields,field_order,"int(3) DEFAULT NULL,"
redcap_reports_fields,limiter_group_operator,"enum('AND','OR') COLLATE utf8mb4_unicode_ci DEFAULT NULL,"
redcap_reports_fields,limiter_event_id,"int(10) DEFAULT NULL,"
redcap_reports_fields,limiter_operator,"enum('E','NE','GT','GTE','LT','LTE','CHECKED','UNCHECKED','CONTAINS','NOT_CONTAIN','STARTS_WITH','ENDS_WITH') COLLATE utf8mb4_unicode_ci DEFAULT NULL,"
redcap_reports_fields,limiter_value,"varchar(255) COLLATE utf8mb4_unicode_ci DEFAULT NULL,"
redcap_reports_filter_dags,report_id,"int(10) NOT NULL AUTO_INCREMENT,"
redcap_reports_filter_dags,group_id,"int(10) NOT NULL DEFAULT '0',"
redcap_reports_filter_events,report_id,"int(10) NOT NULL AUTO_INCREMENT,"
redcap_reports_filter_events,event_id,"int(10) NOT NULL DEFAULT '0',"
redcap_reports_folders,folder_id,"int(10) NOT NULL AUTO_INCREMENT,"
redcap_reports_folders,project_id,"int(10) DEFAULT NULL,"
redcap_reports_folders,name,"varchar(64) COLLATE utf8mb4_unicode_ci DEFAULT NULL,"
redcap_reports_folders,position,"smallint(4) DEFAULT NULL,"
redcap_reports_folders_items,folder_id,"int(10) DEFAULT NULL,"
redcap_reports_folders_items,report_id,"int(10) DEFAULT NULL,"
redcap_rewards_access_token,access_token_id,"int(11) NOT NULL AUTO_INCREMENT,"
redcap_rewards_access_token,access_token,"text COLLATE utf8mb4_unicode_ci NOT NULL,"
redcap_rewards_access_token,scope,"text COLLATE utf8mb4_unicode_ci DEFAULT NULL,"
redcap_rewards_access_token,expires_in,"int(11) DEFAULT NULL,"
redcap_rewards_access_token,token_type,"varchar(255) COLLATE utf8mb4_unicode_ci DEFAULT NULL,"
redcap_rewards_access_token,created_at,"datetime DEFAULT NULL,"
redcap_rewards_access_token,project_id,"int(11) NOT NULL,"
redcap_rewards_access_token,provider_id,"int(11) NOT NULL,"
redcap_rewards_actions,action_id,"int(11) NOT NULL AUTO_INCREMENT,"
redcap_rewards_actions,order_id,"int(11) DEFAULT NULL,"
redcap_rewards_actions,project_id,"int(11) DEFAULT NULL,"
redcap_rewards_actions,arm_number,"int(11) DEFAULT '1',"
redcap_rewards_actions,record_id,"int(11) DEFAULT NULL,"
redcap_rewards_actions,stage,"varchar(255) COLLATE utf8mb4_unicode_ci DEFAULT NULL COMMENT 'e.g., eligibility_review, financial_authorization, compensation_delivery',"
redcap_rewards_actions,event,"varchar(255) COLLATE utf8mb4_unicode_ci DEFAULT 'pending' COMMENT 'e.g., approval, rejection, revert, error, unknown, redeem_code_generated, email_sent',"
redcap_rewards_actions,status,"varchar(255) COLLATE utf8mb4_unicode_ci DEFAULT NULL COMMENT 'e.g., pending, completed, error',"
redcap_rewards_actions,comment,"text COLLATE utf8mb4_unicode_ci DEFAULT NULL COMMENT 'Reason for rejection, if applicable',"
redcap_rewards_actions,details,"text COLLATE utf8mb4_unicode_ci DEFAULT NULL COMMENT 'extra details (e.g.: errors, payload)',"
redcap_rewards_actions,performed_by,"int(11) DEFAULT NULL,"
redcap_rewards_actions,performed_at,"datetime DEFAULT NULL,"
redcap_rewards_emails,email_id,"int(11) NOT NULL AUTO_INCREMENT,"
redcap_rewards_emails,sendable_type,"varchar(255) COLLATE utf8mb4_unicode_ci DEFAULT NULL COMMENT 'Type of the related entity',"
redcap_rewards_emails,sendable_id,"int(11) DEFAULT NULL COMMENT 'ID of the related entity',"
redcap_rewards_emails,email_subject,"varchar(255) COLLATE utf8mb4_unicode_ci DEFAULT NULL COMMENT 'Subject of the email sent',"
redcap_rewards_emails,email_content,"text COLLATE utf8mb4_unicode_ci DEFAULT NULL COMMENT 'Content of the email sent',"
redcap_rewards_emails,sender_email,"varchar(255) COLLATE utf8mb4_unicode_ci DEFAULT NULL COMMENT 'Email address of the sender',"
redcap_rewards_emails,recipient_email,"varchar(255) COLLATE utf8mb4_unicode_ci DEFAULT NULL COMMENT 'Email address of the recipient',"
redcap_rewards_emails,sent_at,"datetime DEFAULT NULL COMMENT 'Timestamp when the email was sent',"
redcap_rewards_emails,sent_by,"int(11) DEFAULT NULL COMMENT 'User ID who sent the email',"
redcap_rewards_logs,log_id,"int(11) NOT NULL AUTO_INCREMENT,"
redcap_rewards_logs,table_name,"varchar(255) COLLATE utf8mb4_unicode_ci NOT NULL,"
redcap_rewards_logs,action,"varchar(255) COLLATE utf8mb4_unicode_ci NOT NULL,"
redcap_rewards_logs,payload,"text COLLATE utf8mb4_unicode_ci DEFAULT NULL,"
redcap_rewards_logs,username,"varchar(255) COLLATE utf8mb4_unicode_ci DEFAULT NULL,"
redcap_rewards_logs,project_id,"int(11) DEFAULT NULL,"
redcap_rewards_logs,created_at,"datetime DEFAULT NULL,"
redcap_rewards_orders,order_id,"int(11) NOT NULL AUTO_INCREMENT,"
redcap_rewards_orders,reward_option_id,"int(11) DEFAULT NULL,"
redcap_rewards_orders,project_id,"int(11) DEFAULT NULL,"
redcap_rewards_orders,arm_number,"int(11) DEFAULT '1',"
redcap_rewards_orders,record_id,"int(11) DEFAULT NULL,"
redcap_rewards_orders,internal_reference,"varchar(255) COLLATE utf8mb4_unicode_ci DEFAULT NULL COMMENT 'a reference ID for internal use',"
redcap_rewards_orders,reference_order,"varchar(255) COLLATE utf8mb4_unicode_ci DEFAULT NULL COMMENT 'order ID from the reward provider',"
redcap_rewards_orders,eligibility_logic,"text COLLATE utf8mb4_unicode_ci DEFAULT NULL COMMENT 'stored for history',"
redcap_rewards_orders,reward_id,"varchar(255) COLLATE utf8mb4_unicode_ci DEFAULT NULL,"
redcap_rewards_orders,reward_name,"varchar(255) COLLATE utf8mb4_unicode_ci DEFAULT NULL,"
redcap_rewards_orders,reward_value,"decimal(10,2) DEFAULT NULL,"
redcap_rewards_orders,redeem_link,"text COLLATE utf8mb4_unicode_ci DEFAULT NULL,"
redcap_rewards_orders,status,"varchar(255) COLLATE utf8mb4_unicode_ci DEFAULT NULL,"
redcap_rewards_orders,scheduled_action,"varchar(255) COLLATE utf8mb4_unicode_ci DEFAULT NULL,"
redcap_rewards_orders,uuid,"varchar(36) COLLATE utf8mb4_unicode_ci NOT NULL,"
redcap_rewards_orders,created_by,"int(11) DEFAULT NULL,"
redcap_rewards_orders,created_at,"datetime DEFAULT NULL,"
redcap_rewards_permissions,id,"int(11) NOT NULL AUTO_INCREMENT,"
redcap_rewards_permissions,name,"varchar(191) COLLATE utf8mb4_unicode_ci NOT NULL,"
redcap_rewards_project_providers,project_id,"int(11) NOT NULL,"
redcap_rewards_project_providers,provider_id,"int(11) NOT NULL,"
redcap_rewards_project_settings,project_setting_id,"int(11) NOT NULL AUTO_INCREMENT,"
redcap_rewards_project_settings,project_id,"int(11) NOT NULL,"
redcap_rewards_project_settings,setting_key,"varchar(255) COLLATE utf8mb4_unicode_ci NOT NULL,"
redcap_rewards_project_settings,setting_value,"text COLLATE utf8mb4_unicode_ci DEFAULT NULL,"
redcap_rewards_providers,provider_id,"int(11) NOT NULL AUTO_INCREMENT,"
redcap_rewards_providers,provider_name,"varchar(255) COLLATE utf8mb4_unicode_ci NOT NULL,"
redcap_rewards_providers,is_default,"tinyint(1) NOT NULL DEFAULT '0',"
redcap_rewards_reward_option,reward_option_id,"int(11) NOT NULL AUTO_INCREMENT,"
redcap_rewards_reward_option,project_id,"int(11) DEFAULT NULL,"
redcap_rewards_reward_option,provider_product_id,"varchar(255) COLLATE utf8mb4_unicode_ci DEFAULT NULL,"
redcap_rewards_reward_option,description,"text COLLATE utf8mb4_unicode_ci DEFAULT NULL,"
redcap_rewards_reward_option,value_amount,"decimal(10,2) DEFAULT NULL,"
redcap_rewards_reward_option,eligibility_logic,"text COLLATE utf8mb4_unicode_ci DEFAULT NULL,"
redcap_rewards_reward_option,deleted_at,"timestamp NULL DEFAULT NULL,"
redcap_rewards_settings,setting_id,"int(11) NOT NULL AUTO_INCREMENT,"
redcap_rewards_settings,provider_id,"int(11) NOT NULL,"
redcap_rewards_settings,setting_key,"varchar(255) COLLATE utf8mb4_unicode_ci NOT NULL,"
redcap_rewards_settings,setting_value,"varchar(255) COLLATE utf8mb4_unicode_ci DEFAULT NULL,"
redcap_rewards_user_permissions,user_id,"int(11) NOT NULL,"
redcap_rewards_user_permissions,permission_id,"int(11) NOT NULL,"
redcap_rewards_user_permissions,project_id,"int(11) NOT NULL,"
redcap_sendit_docs,document_id,"int(11) NOT NULL AUTO_INCREMENT,"
redcap_sendit_docs,doc_name,"varchar(255) COLLATE utf8mb4_unicode_ci DEFAULT NULL,"
redcap_sendit_docs,doc_orig_name,"varchar(255) COLLATE utf8mb4_unicode_ci DEFAULT NULL,"
redcap_sendit_docs,doc_type,"varchar(255) COLLATE utf8mb4_unicode_ci DEFAULT NULL,"
redcap_sendit_docs,doc_size,"int(11) DEFAULT NULL,"
redcap_sendit_docs,send_confirmation,"int(1) NOT NULL DEFAULT '0',"
redcap_sendit_docs,expire_date,"datetime DEFAULT NULL,"
redcap_sendit_docs,username,"varchar(255) COLLATE utf8mb4_unicode_ci DEFAULT NULL,"
redcap_sendit_docs,location,"int(1) NOT NULL DEFAULT '0' COMMENT '1 = Home page; 2 = File Repository; 3 = Form',"
redcap_sendit_docs,docs_id,"int(11) NOT NULL DEFAULT '0',"
redcap_sendit_docs,date_added,"datetime DEFAULT NULL,"
redcap_sendit_docs,date_deleted,"datetime DEFAULT NULL COMMENT 'When really deleted from server (only applicable for location=1)',"
redcap_sendit_recipients,recipient_id,"int(11) NOT NULL AUTO_INCREMENT,"
redcap_sendit_recipients,email_address,"varchar(255) COLLATE utf8mb4_unicode_ci DEFAULT NULL,"
redcap_sendit_recipients,sent_confirmation,"int(1) NOT NULL DEFAULT '0',"
redcap_sendit_recipients,download_date,"datetime DEFAULT NULL,"
redcap_sendit_recipients,download_count,"int(11) NOT NULL DEFAULT '0',"
redcap_sendit_recipients,document_id,"int(11) NOT NULL DEFAULT '0' COMMENT 'FK from redcap_sendit_docs',"
redcap_sendit_recipients,guid,"varchar(100) COLLATE utf8mb4_unicode_ci DEFAULT NULL,"
redcap_sendit_recipients,pwd,"varchar(32) COLLATE utf8mb4_unicode_ci DEFAULT NULL,"
redcap_sessions,session_id,"varchar(32) COLLATE utf8mb4_unicode_ci NOT NULL,"
redcap_sessions,session_data,"longtext COLLATE utf8mb4_unicode_ci DEFAULT NULL,"
redcap_sessions,session_expiration,"timestamp NOT NULL DEFAULT CURRENT_TIMESTAMP,"
redcap_surveys,survey_id,"int(10) NOT NULL AUTO_INCREMENT,"
redcap_surveys,project_id,"int(10) DEFAULT NULL,"
redcap_surveys,form_name,"varchar(100) COLLATE utf8mb4_unicode_ci DEFAULT NULL COMMENT 'NULL = assume first form',"
redcap_surveys,title,"text COLLATE utf8mb4_unicode_ci DEFAULT NULL COMMENT 'Survey title',"
redcap_surveys,instructions,"text COLLATE utf8mb4_unicode_ci DEFAULT NULL COMMENT 'Survey instructions',"
redcap_surveys,offline_instructions,"text COLLATE utf8mb4_unicode_ci DEFAULT NULL,"
redcap_surveys,acknowledgement,"text COLLATE utf8mb4_unicode_ci DEFAULT NULL COMMENT 'Survey acknowledgement',"
redcap_surveys,stop_action_acknowledgement,"text COLLATE utf8mb4_unicode_ci DEFAULT NULL,"
redcap_surveys,stop_action_delete_response,"tinyint(1) NOT NULL DEFAULT '0',"
redcap_surveys,question_by_section,"int(1) NOT NULL DEFAULT '0' COMMENT '0 = one-page survey',"
redcap_surveys,display_page_number,"int(1) NOT NULL DEFAULT '1',"
redcap_surveys,question_auto_numbering,"int(1) NOT NULL DEFAULT '1',"
redcap_surveys,survey_enabled,"int(1) NOT NULL DEFAULT '1',"
redcap_surveys,save_and_return,"int(1) NOT NULL DEFAULT '0',"
redcap_surveys,save_and_return_code_bypass,"tinyint(1) NOT NULL DEFAULT '0',"
redcap_surveys,logo,"int(10) DEFAULT NULL COMMENT 'FK for redcap_edocs_metadata',"
redcap_surveys,hide_title,"int(1) NOT NULL DEFAULT '0',"
redcap_surveys,view_results,"int(1) NOT NULL DEFAULT '0',"
redcap_surveys,min_responses_view_results,"int(5) NOT NULL DEFAULT '10',"
redcap_surveys,check_diversity_view_results,"int(1) NOT NULL DEFAULT '0',"
redcap_surveys,end_survey_redirect_url,"text COLLATE utf8mb4_unicode_ci DEFAULT NULL COMMENT 'URL to redirect to after completing survey',"
redcap_surveys,survey_expiration,"varchar(50) COLLATE utf8mb4_unicode_ci DEFAULT NULL COMMENT 'Timestamp when survey expires',"
redcap_surveys,promis_skip_question,"int(1) NOT NULL DEFAULT '0' COMMENT 'Allow participants to skip questions on PROMIS CATs',"
redcap_surveys,survey_auth_enabled_single,"int(1) NOT NULL DEFAULT '0' COMMENT 'Enable Survey Login for this single survey?',"
redcap_surveys,edit_completed_response,"int(1) NOT NULL DEFAULT '0' COMMENT 'Allow respondents to return and edit a completed response?',"
redcap_surveys,hide_back_button,"tinyint(1) NOT NULL DEFAULT '0',"
redcap_surveys,show_required_field_text,"tinyint(1) NOT NULL DEFAULT '1',"
redcap_surveys,confirmation_email_subject,"text COLLATE utf8mb4_unicode_ci DEFAULT NULL,"
redcap_surveys,confirmation_email_content,"text COLLATE utf8mb4_unicode_ci DEFAULT NULL,"
redcap_surveys,confirmation_email_from,"varchar(255) COLLATE utf8mb4_unicode_ci DEFAULT NULL,"
redcap_surveys,confirmation_email_from_display,"varchar(150) COLLATE utf8mb4_unicode_ci DEFAULT NULL COMMENT 'Email sender display name',"
redcap_surveys,confirmation_email_attach_pdf,"tinyint(1) DEFAULT '0',"
redcap_surveys,confirmation_email_attachment,"int(10) DEFAULT NULL COMMENT 'FK for redcap_edocs_metadata',"
redcap_surveys,text_to_speech,"int(1) NOT NULL DEFAULT '0',"
redcap_surveys,text_to_speech_language,"varchar(50) COLLATE utf8mb4_unicode_ci NOT NULL DEFAULT 'en',"
redcap_surveys,end_survey_redirect_next_survey,"tinyint(1) NOT NULL DEFAULT '0',"
redcap_surveys,end_survey_redirect_next_survey_logic,"text COLLATE utf8mb4_unicode_ci DEFAULT NULL,"
redcap_surveys,theme,"int(10) DEFAULT NULL,"
redcap_surveys,text_size,"tinyint(2) DEFAULT NULL,"
redcap_surveys,font_family,"tinyint(2) DEFAULT NULL,"
redcap_surveys,custom_css,"text COLLATE utf8mb4_unicode_ci DEFAULT NULL,"
redcap_surveys,theme_text_buttons,"varchar(6) COLLATE utf8mb4_unicode_ci DEFAULT NULL,"
redcap_surveys,theme_bg_page,"varchar(6) COLLATE utf8mb4_unicode_ci DEFAULT NULL,"
redcap_surveys,theme_text_title,"varchar(6) COLLATE utf8mb4_unicode_ci DEFAULT NULL,"
redcap_surveys,theme_bg_title,"varchar(6) COLLATE utf8mb4_unicode_ci DEFAULT NULL,"
redcap_surveys,theme_text_sectionheader,"varchar(6) COLLATE utf8mb4_unicode_ci DEFAULT NULL,"
redcap_surveys,theme_bg_sectionheader,"varchar(6) COLLATE utf8mb4_unicode_ci DEFAULT NULL,"
redcap_surveys,theme_text_question,"varchar(6) COLLATE utf8mb4_unicode_ci DEFAULT NULL,"
redcap_surveys,theme_bg_question,"varchar(6) COLLATE utf8mb4_unicode_ci DEFAULT NULL,"
redcap_surveys,enhanced_choices,"smallint(1) NOT NULL DEFAULT '0',"
redcap_surveys,repeat_survey_enabled,"tinyint(1) NOT NULL DEFAULT '0',"
redcap_surveys,repeat_survey_btn_text,"varchar(255) COLLATE utf8mb4_unicode_ci DEFAULT NULL,"
redcap_surveys,repeat_survey_btn_location,"enum('BEFORE_SUBMIT','AFTER_SUBMIT','HIDDEN') COLLATE utf8mb4_unicode_ci NOT NULL DEFAULT 'BEFORE_SUBMIT',"
redcap_surveys,response_limit,"int(7) DEFAULT NULL,"
redcap_surveys,response_limit_include_partials,"tinyint(1) NOT NULL DEFAULT '1',"
redcap_surveys,response_limit_custom_text,"text COLLATE utf8mb4_unicode_ci DEFAULT NULL,"
redcap_surveys,survey_time_limit_days,"smallint(3) DEFAULT NULL,"
redcap_surveys,survey_time_limit_hours,"tinyint(2) DEFAULT NULL,"
redcap_surveys,survey_time_limit_minutes,"tinyint(2) DEFAULT NULL,"
redcap_surveys,email_participant_field,"varchar(255) COLLATE utf8mb4_unicode_ci DEFAULT NULL,"
redcap_surveys,end_of_survey_pdf_download,"tinyint(4) NOT NULL DEFAULT '0',"
redcap_surveys,pdf_save_to_field,"varchar(100) COLLATE utf8mb4_unicode_ci DEFAULT NULL,"
redcap_surveys,pdf_save_to_event_id,"int(10) DEFAULT NULL,"
redcap_surveys,pdf_save_translated,"tinyint(1) NOT NULL DEFAULT '0',"
redcap_surveys,pdf_auto_archive,"tinyint(1) NOT NULL DEFAULT '0' COMMENT '0=Disabled, 1=Normal, 2=eConsent',"
redcap_surveys,pdf_econsent_version,"varchar(64) COLLATE utf8mb4_unicode_ci DEFAULT NULL,"
redcap_surveys,pdf_econsent_type,"varchar(64) COLLATE utf8mb4_unicode_ci DEFAULT NULL,"
redcap_surveys,pdf_econsent_firstname_field,"varchar(100) COLLATE utf8mb4_unicode_ci DEFAULT NULL,"
redcap_surveys,pdf_econsent_firstname_event_id,"int(11) DEFAULT NULL,"
redcap_surveys,pdf_econsent_lastname_field,"varchar(100) COLLATE utf8mb4_unicode_ci DEFAULT NULL,"
redcap_surveys,pdf_econsent_lastname_event_id,"int(11) DEFAULT NULL,"
redcap_surveys,pdf_econsent_dob_field,"varchar(100) COLLATE utf8mb4_unicode_ci DEFAULT NULL,"
redcap_surveys,pdf_econsent_dob_event_id,"int(11) DEFAULT NULL,"
redcap_surveys,pdf_econsent_allow_edit,"tinyint(1) NOT NULL DEFAULT '0',"
redcap_surveys,pdf_econsent_signature_field1,"varchar(100) COLLATE utf8mb4_unicode_ci DEFAULT NULL,"
redcap_surveys,pdf_econsent_signature_field2,"varchar(100) COLLATE utf8mb4_unicode_ci DEFAULT NULL,"
redcap_surveys,pdf_econsent_signature_field3,"varchar(100) COLLATE utf8mb4_unicode_ci DEFAULT NULL,"
redcap_surveys,pdf_econsent_signature_field4,"varchar(100) COLLATE utf8mb4_unicode_ci DEFAULT NULL,"
redcap_surveys,pdf_econsent_signature_field5,"varchar(100) COLLATE utf8mb4_unicode_ci DEFAULT NULL,"
redcap_surveys,survey_width_percent,"int(3) DEFAULT NULL,"
redcap_surveys,survey_show_font_resize,"tinyint(1) NOT NULL DEFAULT '1',"
redcap_surveys,survey_btn_text_prev_page,"text COLLATE utf8mb4_unicode_ci DEFAULT NULL,"
redcap_surveys,survey_btn_text_next_page,"text COLLATE utf8mb4_unicode_ci DEFAULT NULL,"
redcap_surveys,survey_btn_text_submit,"text COLLATE utf8mb4_unicode_ci DEFAULT NULL,"
redcap_surveys,survey_btn_hide_submit,"tinyint(1) NOT NULL DEFAULT '0',"
redcap_surveys,survey_btn_hide_submit_logic,"text COLLATE utf8mb4_unicode_ci DEFAULT NULL,"
redcap_surveys_emails,email_id,"int(10) NOT NULL AUTO_INCREMENT,"
redcap_surveys_emails,survey_id,"int(10) DEFAULT NULL,"
redcap_surveys_emails,email_subject,"text COLLATE utf8mb4_unicode_ci DEFAULT NULL,"
redcap_surveys_emails,email_content,"text COLLATE utf8mb4_unicode_ci DEFAULT NULL,"
redcap_surveys_emails,email_sender,"int(10) DEFAULT NULL COMMENT 'FK ui_id from redcap_user_information',"
redcap_surveys_emails,email_sender_display,"varchar(150) COLLATE utf8mb4_unicode_ci DEFAULT NULL COMMENT 'Email sender display name',"
redcap_surveys_emails,email_account,"enum('1','2','3') COLLATE utf8mb4_unicode_ci DEFAULT NULL COMMENT 'Sender''s account (1=Primary, 2=Secondary, 3=Tertiary)',"
redcap_surveys_emails,email_static,"varchar(255) COLLATE utf8mb4_unicode_ci DEFAULT NULL COMMENT 'Sender''s static email address (only for scheduled invitations)',"
redcap_surveys_emails,email_sent,"datetime DEFAULT NULL COMMENT 'Null=Not sent yet (scheduled)',"
redcap_surveys_emails,delivery_type,"enum('PARTICIPANT_PREF','EMAIL','VOICE_INITIATE','SMS_INITIATE','SMS_INVITE_MAKE_CALL','SMS_INVITE_RECEIVE_CALL','SMS_INVITE_WEB') COLLATE utf8mb4_unicode_ci NOT NULL DEFAULT 'EMAIL',"
redcap_surveys_emails,append_survey_link,"tinyint(1) NOT NULL DEFAULT '1',"
redcap_surveys_emails,lang_id,"varchar(50) COLLATE utf8mb4_unicode_ci DEFAULT NULL,"
redcap_surveys_emails_recipients,email_recip_id,"int(10) NOT NULL AUTO_INCREMENT,"
redcap_surveys_emails_recipients,email_id,"int(10) DEFAULT NULL COMMENT 'FK redcap_surveys_emails',"
redcap_surveys_emails_recipients,participant_id,"int(10) DEFAULT NULL COMMENT 'FK redcap_surveys_participants',"
redcap_surveys_emails_recipients,static_email,"varchar(255) COLLATE utf8mb4_unicode_ci DEFAULT NULL COMMENT 'Static email address of recipient (used when participant has no email)',"
redcap_surveys_emails_recipients,static_phone,"varchar(50) COLLATE utf8mb4_unicode_ci DEFAULT NULL COMMENT 'Static phone number of recipient (used when participant has no phone number)',"
redcap_surveys_emails_recipients,delivery_type,"enum('EMAIL','VOICE_INITIATE','SMS_INITIATE','SMS_INVITE_MAKE_CALL','SMS_INVITE_RECEIVE_CALL','SMS_INVITE_WEB') COLLATE utf8mb4_unicode_ci NOT NULL DEFAULT 'EMAIL',"
redcap_surveys_emails_send_rate,esr_id,"int(10) NOT NULL AUTO_INCREMENT,"
redcap_surveys_emails_send_rate,sent_begin_time,"datetime DEFAULT NULL COMMENT 'Time email batch was sent',"
redcap_surveys_emails_send_rate,emails_per_batch,"int(10) DEFAULT NULL COMMENT 'Number of emails sent in this batch',"
redcap_surveys_emails_send_rate,emails_per_minute,"int(6) DEFAULT NULL COMMENT 'Number of emails sent per minute for this batch',"
redcap_surveys_erase_twilio_log,tl_id,"int(10) NOT NULL AUTO_INCREMENT,"
redcap_surveys_erase_twilio_log,project_id,"int(10) DEFAULT NULL,"
redcap_surveys_erase_twilio_log,ts,"datetime DEFAULT NULL,"
redcap_surveys_erase_twilio_log,sid,"varchar(191) COLLATE utf8mb4_unicode_ci DEFAULT NULL,"
redcap_surveys_erase_twilio_log,sid_hash,"varchar(50) COLLATE utf8mb4_unicode_ci DEFAULT NULL,"
redcap_surveys_login,ts,"datetime DEFAULT NULL,"
redcap_surveys_login,response_id,"int(10) DEFAULT NULL,"
redcap_surveys_login,login_success,"tinyint(1) NOT NULL DEFAULT '1',"
redcap_surveys_participants,participant_id,"int(10) NOT NULL AUTO_INCREMENT,"
redcap_surveys_participants,survey_id,"int(10) DEFAULT NULL,"
redcap_surveys_participants,event_id,"int(10) DEFAULT NULL,"
redcap_surveys_participants,hash,"varchar(32) CHARACTER SET latin1 COLLATE latin1_general_cs DEFAULT NULL,"
redcap_surveys_participants,legacy_hash,"varchar(32) COLLATE utf8mb4_unicode_ci DEFAULT NULL COMMENT 'Migrated from RS',"
redcap_surveys_participants,access_code,"varchar(9) COLLATE utf8mb4_unicode_ci DEFAULT NULL,"
redcap_surveys_participants,access_code_numeral,"varchar(10) COLLATE utf8mb4_unicode_ci DEFAULT NULL,"
redcap_surveys_participants,participant_email,"varchar(255) COLLATE utf8mb4_unicode_ci DEFAULT NULL COMMENT 'NULL if public survey',"
redcap_surveys_participants,participant_identifier,"varchar(255) COLLATE utf8mb4_unicode_ci DEFAULT NULL,"
redcap_surveys_participants,participant_phone,"varchar(50) COLLATE utf8mb4_unicode_ci DEFAULT NULL,"
redcap_surveys_participants,delivery_preference,"enum('EMAIL','VOICE_INITIATE','SMS_INITIATE','SMS_INVITE_MAKE_CALL','SMS_INVITE_RECEIVE_CALL','SMS_INVITE_WEB') COLLATE utf8mb4_unicode_ci DEFAULT NULL,"
redcap_surveys_participants,link_expiration,"datetime DEFAULT NULL,"
redcap_surveys_participants,link_expiration_override,"tinyint(1) NOT NULL DEFAULT '0',"
redcap_surveys_pdf_archive,doc_id,"int(10) DEFAULT NULL,"
redcap_surveys_pdf_archive,consent_id,"int(10) DEFAULT NULL,"
redcap_surveys_pdf_archive,consent_form_id,"int(10) DEFAULT NULL,"
redcap_surveys_pdf_archive,contains_completed_consent,"tinyint(1) NOT NULL DEFAULT '0',"
redcap_surveys_pdf_archive,snapshot_id,"int(10) DEFAULT NULL,"
redcap_surveys_pdf_archive,record,"varchar(100) COLLATE utf8mb4_unicode_ci DEFAULT NULL,"
redcap_surveys_pdf_archive,event_id,"int(10) DEFAULT NULL,"
redcap_surveys_pdf_archive,survey_id,"int(10) DEFAULT NULL,"
redcap_surveys_pdf_archive,instance,"smallint(4) NOT NULL DEFAULT '1',"
redcap_surveys_pdf_archive,identifier,"varchar(255) COLLATE utf8mb4_unicode_ci DEFAULT NULL,"
redcap_surveys_pdf_archive,version,"varchar(64) COLLATE utf8mb4_unicode_ci DEFAULT NULL,"
redcap_surveys_pdf_archive,type,"varchar(64) COLLATE utf8mb4_unicode_ci DEFAULT NULL,"
redcap_surveys_pdf_archive,ip,"varchar(100) COLLATE utf8mb4_unicode_ci DEFAULT NULL,"
redcap_surveys_phone_codes,pc_id,"int(10) NOT NULL AUTO_INCREMENT,"
redcap_surveys_phone_codes,phone_number,"varchar(50) COLLATE utf8mb4_unicode_ci NOT NULL DEFAULT '',"
redcap_surveys_phone_codes,twilio_number,"varchar(50) COLLATE utf8mb4_unicode_ci NOT NULL DEFAULT '',"
redcap_surveys_phone_codes,access_code,"varchar(12) COLLATE utf8mb4_unicode_ci DEFAULT NULL,"
redcap_surveys_phone_codes,project_id,"int(10) DEFAULT NULL,"
redcap_surveys_phone_codes,session_id,"varchar(32) COLLATE utf8mb4_unicode_ci DEFAULT NULL,"
redcap_surveys_queue,sq_id,"int(10) NOT NULL AUTO_INCREMENT,"
redcap_surveys_queue,survey_id,"int(10) DEFAULT NULL,"
redcap_surveys_queue,event_id,"int(10) DEFAULT NULL,"
redcap_surveys_queue,active,"int(1) NOT NULL DEFAULT '1' COMMENT 'Is it currently active?',"
redcap_surveys_queue,auto_start,"int(1) NOT NULL DEFAULT '0' COMMENT 'Automatically start if next after survey completion',"
redcap_surveys_queue,condition_surveycomplete_survey_id,"int(10) DEFAULT NULL COMMENT 'survey_id of trigger',"
redcap_surveys_queue,condition_surveycomplete_event_id,"int(10) DEFAULT NULL COMMENT 'event_id of trigger',"
redcap_surveys_queue,condition_andor,"enum('AND','OR') COLLATE utf8mb4_unicode_ci DEFAULT NULL COMMENT 'Include survey complete AND/OR logic',"
redcap_surveys_queue,condition_logic,"text COLLATE utf8mb4_unicode_ci DEFAULT NULL COMMENT 'Logic using field values',"
redcap_surveys_queue_hashes,project_id,"int(10) NOT NULL DEFAULT '0',"
redcap_surveys_queue_hashes,record,"varchar(100) COLLATE utf8mb4_unicode_ci NOT NULL DEFAULT '',"
redcap_surveys_queue_hashes,hash,"varchar(10) CHARACTER SET latin1 COLLATE latin1_general_cs DEFAULT NULL,"
redcap_surveys_response,response_id,"int(11) NOT NULL AUTO_INCREMENT,"
redcap_surveys_response,participant_id,"int(10) DEFAULT NULL,"
redcap_surveys_response,record,"varchar(100) COLLATE utf8mb4_unicode_ci DEFAULT NULL,"
redcap_surveys_response,instance,"smallint(4) NOT NULL DEFAULT '1',"
redcap_surveys_response,start_time,"datetime DEFAULT NULL,"
redcap_surveys_response,first_submit_time,"datetime DEFAULT NULL,"
redcap_surveys_response,completion_time,"datetime DEFAULT NULL,"
redcap_surveys_response,return_code,"varchar(8) COLLATE utf8mb4_unicode_ci DEFAULT NULL,"
redcap_surveys_response,results_code,"varchar(8) COLLATE utf8mb4_unicode_ci DEFAULT NULL,"
redcap_surveys_scheduler,ss_id,"int(10) NOT NULL AUTO_INCREMENT,"
redcap_surveys_scheduler,survey_id,"int(10) DEFAULT NULL,"
redcap_surveys_scheduler,event_id,"int(10) DEFAULT NULL,"
redcap_surveys_scheduler,instance,"enum('FIRST','AFTER_FIRST') COLLATE utf8mb4_unicode_ci NOT NULL DEFAULT 'FIRST' COMMENT 'survey instance being triggered',"
redcap_surveys_scheduler,num_recurrence,"float NOT NULL DEFAULT '0',"
redcap_surveys_scheduler,units_recurrence,"enum('DAYS','HOURS','MINUTES') COLLATE utf8mb4_unicode_ci NOT NULL DEFAULT 'DAYS',"
redcap_surveys_scheduler,max_recurrence,"int(5) DEFAULT NULL,"
redcap_surveys_scheduler,active,"int(1) NOT NULL DEFAULT '1' COMMENT 'Is it currently active?',"
redcap_surveys_scheduler,email_subject,"text COLLATE utf8mb4_unicode_ci DEFAULT NULL COMMENT 'Survey invitation subject',"
redcap_surveys_scheduler,email_content,"text COLLATE utf8mb4_unicode_ci DEFAULT NULL COMMENT 'Survey invitation text',"
redcap_surveys_scheduler,email_sender,"varchar(255) COLLATE utf8mb4_unicode_ci DEFAULT NULL COMMENT 'Static email address of sender',"
redcap_surveys_scheduler,email_sender_display,"varchar(150) COLLATE utf8mb4_unicode_ci DEFAULT NULL COMMENT 'Email sender display name',"
redcap_surveys_scheduler,condition_surveycomplete_survey_id,"int(10) DEFAULT NULL COMMENT 'survey_id of trigger',"
redcap_surveys_scheduler,condition_surveycomplete_event_id,"int(10) DEFAULT NULL COMMENT 'event_id of trigger',"
redcap_surveys_scheduler,condition_surveycomplete_instance,"enum('FIRST','PREVIOUS') COLLATE utf8mb4_unicode_ci NOT NULL DEFAULT 'FIRST' COMMENT 'instance of trigger',"
redcap_surveys_scheduler,condition_andor,"enum('AND','OR') COLLATE utf8mb4_unicode_ci DEFAULT NULL COMMENT 'Include survey complete AND/OR logic',"
redcap_surveys_scheduler,condition_logic,"text COLLATE utf8mb4_unicode_ci DEFAULT NULL COMMENT 'Logic using field values',"
redcap_surveys_scheduler,condition_send_time_option,"enum('IMMEDIATELY','TIME_LAG','NEXT_OCCURRENCE','EXACT_TIME') COLLATE utf8mb4_unicode_ci DEFAULT NULL COMMENT 'When to send invites after condition is met',"
redcap_surveys_scheduler,condition_send_time_lag_days,"int(4) DEFAULT NULL COMMENT 'Wait X days to send invites after condition is met',"
redcap_surveys_scheduler,condition_send_time_lag_hours,"int(2) DEFAULT NULL COMMENT 'Wait X hours to send invites after condition is met',"
redcap_surveys_scheduler,condition_send_time_lag_minutes,"int(2) DEFAULT NULL COMMENT 'Wait X seconds to send invites after condition is met',"
redcap_surveys_scheduler,condition_send_time_lag_field,"varchar(255) COLLATE utf8mb4_unicode_ci DEFAULT NULL,"
redcap_surveys_scheduler,condition_send_time_lag_field_after,"enum('before','after') COLLATE utf8mb4_unicode_ci NOT NULL DEFAULT 'after',"
redcap_surveys_scheduler,condition_send_next_day_type,"enum('DAY','WEEKDAY','WEEKENDDAY','SUNDAY','MONDAY','TUESDAY','WEDNESDAY','THURSDAY','FRIDAY','SATURDAY') COLLATE utf8mb4_unicode_ci DEFAULT NULL COMMENT 'Wait till specific day/time to send invites after condition is met',"
redcap_surveys_scheduler,condition_send_next_time,"time DEFAULT NULL COMMENT 'Wait till specific day/time to send invites after condition is met',"
redcap_surveys_scheduler,condition_send_time_exact,"datetime DEFAULT NULL COMMENT 'Wait till exact date/time to send invites after condition is met',"
redcap_surveys_scheduler,delivery_type,"enum('EMAIL','VOICE_INITIATE','SMS_INITIATE','SMS_INVITE_MAKE_CALL','SMS_INVITE_RECEIVE_CALL','PARTICIPANT_PREF','SMS_INVITE_WEB') COLLATE utf8mb4_unicode_ci NOT NULL DEFAULT 'EMAIL',"
redcap_surveys_scheduler,reminder_type,"enum('TIME_LAG','NEXT_OCCURRENCE','EXACT_TIME') COLLATE utf8mb4_unicode_ci DEFAULT NULL COMMENT 'When to send reminders after original invite is sent',"
redcap_surveys_scheduler,reminder_timelag_days,"int(3) DEFAULT NULL COMMENT 'Wait X days to send reminders',"
redcap_surveys_scheduler,reminder_timelag_hours,"int(2) DEFAULT NULL COMMENT 'Wait X hours to send reminders',"
redcap_surveys_scheduler,reminder_timelag_minutes,"int(2) DEFAULT NULL COMMENT 'Wait X seconds to send reminders',"
redcap_surveys_scheduler,reminder_nextday_type,"enum('DAY','WEEKDAY','WEEKENDDAY','SUNDAY','MONDAY','TUESDAY','WEDNESDAY','THURSDAY','FRIDAY','SATURDAY') COLLATE utf8mb4_unicode_ci DEFAULT NULL COMMENT 'Wait till specific day/time to send reminders',"
redcap_surveys_scheduler,reminder_nexttime,"time DEFAULT NULL COMMENT 'Wait till specific day/time to send reminders',"
redcap_surveys_scheduler,reminder_exact_time,"datetime DEFAULT NULL COMMENT 'Wait till exact date/time to send reminders',"
redcap_surveys_scheduler,reminder_num,"int(3) NOT NULL DEFAULT '0' COMMENT 'Reminder recurrence',"
redcap_surveys_scheduler,reeval_before_send,"int(1) NOT NULL DEFAULT '0',"
redcap_surveys_scheduler_queue,ssq_id,"int(10) NOT NULL AUTO_INCREMENT,"
redcap_surveys_scheduler_queue,ss_id,"int(10) DEFAULT NULL COMMENT 'FK for surveys_scheduler table',"
redcap_surveys_scheduler_queue,email_recip_id,"int(10) DEFAULT NULL COMMENT 'FK for redcap_surveys_emails_recipients table',"
redcap_surveys_scheduler_queue,reminder_num,"int(3) NOT NULL DEFAULT '0' COMMENT 'Email reminder instance (0 = original invitation)',"
redcap_surveys_scheduler_queue,record,"varchar(100) COLLATE utf8mb4_unicode_ci DEFAULT NULL COMMENT 'NULL if record not created yet',"
redcap_surveys_scheduler_queue,instance,"smallint(4) NOT NULL DEFAULT '1',"
redcap_surveys_scheduler_queue,scheduled_time_to_send,"datetime DEFAULT NULL COMMENT 'Time invitation will be sent',"
redcap_surveys_scheduler_queue,status,"enum('QUEUED','SENDING','SENT','DID NOT SEND','DELETED') COLLATE utf8mb4_unicode_ci NOT NULL DEFAULT 'QUEUED' COMMENT 'Survey invitation status (default=QUEUED)',"
redcap_surveys_scheduler_queue,time_sent,"datetime DEFAULT NULL COMMENT 'Actual time invitation was sent',"
redcap_surveys_scheduler_queue,reason_not_sent,"enum('EMAIL ADDRESS NOT FOUND','PHONE NUMBER NOT FOUND','EMAIL ATTEMPT FAILED','UNKNOWN','SURVEY ALREADY COMPLETED','VOICE/SMS SETTING DISABLED','ERROR SENDING SMS','ERROR MAKING VOICE CALL','LINK HAD ALREADY EXPIRED','PARTICIPANT OPTED OUT') COLLATE utf8mb4_unicode_ci DEFAULT NULL COMMENT 'Explanation of why invitation did not send, if applicable',"
redcap_surveys_scheduler_recurrence,ssr_id,"int(10) NOT NULL AUTO_INCREMENT,"
redcap_surveys_scheduler_recurrence,ss_id,"int(10) DEFAULT NULL,"
redcap_surveys_scheduler_recurrence,creation_date,"datetime DEFAULT NULL,"
redcap_surveys_scheduler_recurrence,record,"varchar(100) COLLATE utf8mb4_unicode_ci DEFAULT NULL,"
redcap_surveys_scheduler_recurrence,event_id,"int(10) DEFAULT NULL,"
redcap_surveys_scheduler_recurrence,instrument,"varchar(100) COLLATE utf8mb4_unicode_ci DEFAULT NULL,"
redcap_surveys_scheduler_recurrence,times_sent,"smallint(4) DEFAULT NULL,"
redcap_surveys_scheduler_recurrence,last_sent,"datetime DEFAULT NULL,"
redcap_surveys_scheduler_recurrence,status,"enum('IDLE','QUEUED','SENDING') COLLATE utf8mb4_unicode_ci NOT NULL DEFAULT 'IDLE',"
redcap_surveys_scheduler_recurrence,first_send_time,"datetime DEFAULT NULL,"
redcap_surveys_scheduler_recurrence,next_send_time,"datetime DEFAULT NULL,"
redcap_surveys_short_codes,ts,"datetime DEFAULT NULL,"
redcap_surveys_short_codes,participant_id,"int(10) DEFAULT NULL,"
redcap_surveys_short_codes,code,"varchar(6) COLLATE utf8mb4_unicode_ci DEFAULT NULL,"
redcap_surveys_themes,theme_id,"int(10) NOT NULL AUTO_INCREMENT,"
redcap_surveys_themes,theme_name,"varchar(50) COLLATE utf8mb4_unicode_ci DEFAULT NULL,"
redcap_surveys_themes,ui_id,"int(10) DEFAULT NULL COMMENT 'NULL = Theme is available to all users',"
redcap_surveys_themes,theme_text_buttons,"varchar(6) COLLATE utf8mb4_unicode_ci DEFAULT NULL,"
redcap_surveys_themes,theme_bg_page,"varchar(6) COLLATE utf8mb4_unicode_ci DEFAULT NULL,"
redcap_surveys_themes,theme_text_title,"varchar(6) COLLATE utf8mb4_unicode_ci DEFAULT NULL,"
redcap_surveys_themes,theme_bg_title,"varchar(6) COLLATE utf8mb4_unicode_ci DEFAULT NULL,"
redcap_surveys_themes,theme_text_sectionheader,"varchar(6) COLLATE utf8mb4_unicode_ci DEFAULT NULL,"
redcap_surveys_themes,theme_bg_sectionheader,"varchar(6) COLLATE utf8mb4_unicode_ci DEFAULT NULL,"
redcap_surveys_themes,theme_text_question,"varchar(6) COLLATE utf8mb4_unicode_ci DEFAULT NULL,"
redcap_surveys_themes,theme_bg_question,"varchar(6) COLLATE utf8mb4_unicode_ci DEFAULT NULL,"
redcap_todo_list,request_id,"int(11) NOT NULL AUTO_INCREMENT,"
redcap_todo_list,request_from,"int(11) DEFAULT NULL,"
redcap_todo_list,request_to,"varchar(255) COLLATE utf8mb4_unicode_ci DEFAULT NULL,"
redcap_todo_list,todo_type,"varchar(50) COLLATE utf8mb4_unicode_ci DEFAULT NULL,"
redcap_todo_list,todo_type_id,"int(11) DEFAULT NULL,"
redcap_todo_list,action_url,"text COLLATE utf8mb4_unicode_ci DEFAULT NULL,"
redcap_todo_list,status,"varchar(50) COLLATE utf8mb4_unicode_ci DEFAULT NULL,"
redcap_todo_list,request_time,"datetime DEFAULT NULL,"
redcap_todo_list,project_id,"int(10) DEFAULT NULL,"
redcap_todo_list,request_completion_time,"datetime DEFAULT NULL,"
redcap_todo_list,request_completion_userid,"int(11) DEFAULT NULL,"
redcap_todo_list,comment,"text COLLATE utf8mb4_unicode_ci DEFAULT NULL,"
redcap_twilio_credentials_temp,tc_id,"int(10) NOT NULL AUTO_INCREMENT,"
redcap_twilio_credentials_temp,request_id,"int(10) DEFAULT NULL,"
redcap_twilio_credentials_temp,project_id,"int(10) DEFAULT NULL,"
redcap_twilio_credentials_temp,twilio_account_sid,"varchar(64) COLLATE utf8mb4_unicode_ci DEFAULT NULL,"
redcap_twilio_credentials_temp,twilio_auth_token,"varchar(64) COLLATE utf8mb4_unicode_ci DEFAULT NULL,"
redcap_twilio_credentials_temp,twilio_from_number,"bigint(16) DEFAULT NULL,"
redcap_twilio_credentials_temp,twilio_alphanum_sender_id,"varchar(50) COLLATE utf8mb4_unicode_ci DEFAULT NULL,"
redcap_twilio_credentials_temp,mosio_api_key,"varchar(100) COLLATE utf8mb4_unicode_ci DEFAULT NULL,"
redcap_twilio_error_log,error_id,"int(10) NOT NULL AUTO_INCREMENT,"
redcap_twilio_error_log,ssq_id,"int(10) DEFAULT NULL,"
redcap_twilio_error_log,alert_sent_log_id,"int(10) DEFAULT NULL,"
redcap_twilio_error_log,error_message,"text COLLATE utf8mb4_unicode_ci DEFAULT NULL,"
redcap_two_factor_response,tf_id,"int(10) NOT NULL AUTO_INCREMENT,"
redcap_two_factor_response,user_id,"int(10) DEFAULT NULL,"
redcap_two_factor_response,time_sent,"datetime DEFAULT NULL,"
redcap_two_factor_response,phone_number,"varchar(50) COLLATE utf8mb4_unicode_ci DEFAULT NULL,"
redcap_two_factor_response,verified,"tinyint(1) NOT NULL DEFAULT '0',"
redcap_user_allowlist,username,"varchar(191) COLLATE utf8mb4_unicode_ci NOT NULL DEFAULT '',"
redcap_user_information,ui_id,"int(10) NOT NULL AUTO_INCREMENT,"
redcap_user_information,username,"varchar(191) COLLATE utf8mb4_unicode_ci DEFAULT NULL,"
redcap_user_information,user_email,"varchar(255) COLLATE utf8mb4_unicode_ci DEFAULT NULL COMMENT 'Primary email',"
redcap_user_information,user_email2,"varchar(255) COLLATE utf8mb4_unicode_ci DEFAULT NULL COMMENT 'Secondary email',"
redcap_user_information,user_email3,"varchar(255) COLLATE utf8mb4_unicode_ci DEFAULT NULL COMMENT 'Tertiary email',"
redcap_user_information,user_phone,"varchar(50) COLLATE utf8mb4_unicode_ci DEFAULT NULL,"
redcap_user_information,user_phone_sms,"varchar(50) COLLATE utf8mb4_unicode_ci DEFAULT NULL,"
redcap_user_information,user_firstname,"varchar(255) COLLATE utf8mb4_unicode_ci DEFAULT NULL,"
redcap_user_information,user_lastname,"varchar(255) COLLATE utf8mb4_unicode_ci DEFAULT NULL,"
redcap_user_information,user_inst_id,"varchar(255) COLLATE utf8mb4_unicode_ci DEFAULT NULL,"
redcap_user_information,super_user,"tinyint(1) NOT NULL DEFAULT '0' COMMENT 'Can access all projects and their data',"
redcap_user_information,account_manager,"tinyint(1) NOT NULL DEFAULT '0' COMMENT 'Can manage user accounts',"
redcap_user_information,access_system_config,"tinyint(1) NOT NULL DEFAULT '0' COMMENT 'Can access system configuration pages',"
redcap_user_information,access_system_upgrade,"tinyint(1) NOT NULL DEFAULT '0' COMMENT 'Can perform system upgrade',"
redcap_user_information,access_external_module_install,"tinyint(1) NOT NULL DEFAULT '0' COMMENT 'Can install, upgrade, and configure external modules',"
redcap_user_information,admin_rights,"tinyint(1) NOT NULL DEFAULT '0' COMMENT 'Can set administrator privileges',"
redcap_user_information,access_admin_dashboards,"tinyint(1) NOT NULL DEFAULT '0' COMMENT 'Can access admin dashboards',"
redcap_user_information,user_creation,"datetime DEFAULT NULL COMMENT 'Time user account was created',"
redcap_user_information,user_firstvisit,"datetime DEFAULT NULL,"
redcap_user_information,user_firstactivity,"datetime DEFAULT NULL,"
redcap_user_information,user_lastactivity,"datetime DEFAULT NULL,"
redcap_user_information,user_lastlogin,"datetime DEFAULT NULL,"
redcap_user_information,user_suspended_time,"datetime DEFAULT NULL,"
redcap_user_information,user_expiration,"datetime DEFAULT NULL COMMENT 'Time at which the user will be automatically suspended from REDCap',"
redcap_user_information,user_access_dashboard_view,"datetime DEFAULT NULL,"
redcap_user_information,user_access_dashboard_email_queued,"enum('QUEUED','SENDING') COLLATE utf8mb4_unicode_ci DEFAULT NULL COMMENT 'Tracks status of email reminder for User Access Dashboard',"
redcap_user_information,user_sponsor,"varchar(255) COLLATE utf8mb4_unicode_ci DEFAULT NULL COMMENT 'Username of user''s sponsor or contact person',"
redcap_user_information,user_comments,"text COLLATE utf8mb4_unicode_ci DEFAULT NULL COMMENT 'Miscellaneous comments about user',"
redcap_user_information,allow_create_db,"int(1) NOT NULL DEFAULT '1',"
redcap_user_information,email_verify_code,"varchar(20) COLLATE utf8mb4_unicode_ci DEFAULT NULL COMMENT 'Primary email verification code',"
redcap_user_information,email2_verify_code,"varchar(20) COLLATE utf8mb4_unicode_ci DEFAULT NULL COMMENT 'Secondary email verification code',"
redcap_user_information,email3_verify_code,"varchar(20) COLLATE utf8mb4_unicode_ci DEFAULT NULL COMMENT 'Tertiary email verification code',"
redcap_user_information,datetime_format,"enum('M-D-Y_24','M-D-Y_12','M/D/Y_24','M/D/Y_12','M.D.Y_24','M.D.Y_12','D-M-Y_24','D-M-Y_12','D/M/Y_24','D/M/Y_12','D.M.Y_24','D.M.Y_12','Y-M-D_24','Y-M-D_12','Y/M/D_24','Y/M/D_12','Y.M.D_24','Y.M.D_12') COLLATE utf8mb4_unicode_ci NOT NULL DEFAULT 'M/D/Y_12' COMMENT 'User''s preferred datetime viewing format',"
redcap_user_information,number_format_decimal,"enum('.',',') COLLATE utf8mb4_unicode_ci NOT NULL DEFAULT '.' COMMENT 'User''s preferred decimal format',"
redcap_user_information,number_format_thousands_sep,"enum(',','.','','SPACE','''') COLLATE utf8mb4_unicode_ci NOT NULL DEFAULT ',' COMMENT 'User''s preferred thousands separator',"
redcap_user_information,csv_delimiter,"enum(',',';','TAB','SPACE','|','^') COLLATE utf8mb4_unicode_ci NOT NULL DEFAULT ',',"
redcap_user_information,two_factor_auth_secret,"varchar(32) COLLATE utf8mb4_unicode_ci DEFAULT NULL,"
redcap_user_information,two_factor_auth_enrolled,"tinyint(1) NOT NULL DEFAULT '0',"
redcap_user_information,display_on_email_users,"int(1) NOT NULL DEFAULT '1',"
redcap_user_information,two_factor_auth_twilio_prompt_phone,"tinyint(1) NOT NULL DEFAULT '1',"
redcap_user_information,two_factor_auth_code_expiration,"int(3) NOT NULL DEFAULT '2',"
redcap_user_information,api_token,"varchar(64) COLLATE utf8mb4_unicode_ci DEFAULT NULL,"
redcap_user_information,messaging_email_preference,"enum('NONE','2_HOURS','4_HOURS','6_HOURS','8_HOURS','12_HOURS','DAILY') COLLATE utf8mb4_unicode_ci NOT NULL DEFAULT '4_HOURS',"
redcap_user_information,messaging_email_urgent_all,"tinyint(1) NOT NULL DEFAULT '1',"
redcap_user_information,messaging_email_ts,"datetime DEFAULT NULL,"
redcap_user_information,messaging_email_general_system,"tinyint(1) NOT NULL DEFAULT '1',"
redcap_user_information,messaging_email_queue_time,"datetime DEFAULT NULL,"
redcap_user_information,ui_state,"mediumtext COLLATE utf8mb4_unicode_ci DEFAULT NULL,"
redcap_user_information,api_token_auto_request,"tinyint(1) NOT NULL DEFAULT '0',"
redcap_user_information,fhir_data_mart_create_project,"tinyint(1) NOT NULL DEFAULT '0',"
redcap_user_rights,project_id,"int(10) NOT NULL DEFAULT '0',"
redcap_user_rights,username,"varchar(191) COLLATE utf8mb4_unicode_ci NOT NULL,"
redcap_user_rights,expiration,"date DEFAULT NULL,"
redcap_user_rights,role_id,"int(10) DEFAULT NULL,"
redcap_user_rights,group_id,"int(10) DEFAULT NULL,"
redcap_user_rights,lock_record,"int(1) NOT NULL DEFAULT '0',"
redcap_user_rights,lock_record_multiform,"int(1) NOT NULL DEFAULT '0',"
redcap_user_rights,lock_record_customize,"int(1) NOT NULL DEFAULT '0',"
redcap_user_rights,data_export_tool,"tinyint(1) DEFAULT NULL,"
redcap_user_rights,data_export_instruments,"text COLLATE utf8mb4_unicode_ci DEFAULT NULL,"
redcap_user_rights,data_import_tool,"int(1) NOT NULL DEFAULT '1',"
redcap_user_rights,data_comparison_tool,"int(1) NOT NULL DEFAULT '1',"
redcap_user_rights,data_logging,"int(1) NOT NULL DEFAULT '1',"
redcap_user_rights,email_logging,"int(1) NOT NULL DEFAULT '0',"
redcap_user_rights,file_repository,"int(1) NOT NULL DEFAULT '1',"
redcap_user_rights,double_data,"int(1) NOT NULL DEFAULT '0',"
redcap_user_rights,user_rights,"int(1) NOT NULL DEFAULT '1',"
redcap_user_rights,data_access_groups,"int(1) NOT NULL DEFAULT '1',"
redcap_user_rights,graphical,"int(1) NOT NULL DEFAULT '1',"
redcap_user_rights,reports,"int(1) NOT NULL DEFAULT '1',"
redcap_user_rights,design,"int(1) NOT NULL DEFAULT '0',"
redcap_user_rights,alerts,"int(1) NOT NULL DEFAULT '0',"
redcap_user_rights,calendar,"int(1) NOT NULL DEFAULT '1',"
redcap_user_rights,data_entry,"text COLLATE utf8mb4_unicode_ci DEFAULT NULL,"
redcap_user_rights,api_token,"varchar(32) COLLATE utf8mb4_unicode_ci DEFAULT NULL,"
redcap_user_rights,api_export,"int(1) NOT NULL DEFAULT '0',"
redcap_user_rights,api_import,"int(1) NOT NULL DEFAULT '0',"
redcap_user_rights,api_modules,"int(1) NOT NULL DEFAULT '0',"
redcap_user_rights,mobile_app,"int(1) NOT NULL DEFAULT '0',"
redcap_user_rights,mobile_app_download_data,"int(1) NOT NULL DEFAULT '0',"
redcap_user_rights,record_create,"int(1) NOT NULL DEFAULT '1',"
redcap_user_rights,record_rename,"int(1) NOT NULL DEFAULT '0',"
redcap_user_rights,record_delete,"int(1) NOT NULL DEFAULT '0',"
redcap_user_rights,dts,"int(1) NOT NULL DEFAULT '0' COMMENT 'DTS adjudication page',"
redcap_user_rights,participants,"int(1) NOT NULL DEFAULT '1',"
redcap_user_rights,data_quality_design,"int(1) NOT NULL DEFAULT '0',"
redcap_user_rights,data_quality_execute,"int(1) NOT NULL DEFAULT '0',"
redcap_user_rights,data_quality_resolution,"int(1) NOT NULL DEFAULT '0' COMMENT '0=No access, 1=View only, 2=Respond, 3=Open, close, respond, 4=Open only, 5=Open and respond',"
redcap_user_rights,random_setup,"int(1) NOT NULL DEFAULT '0',"
redcap_user_rights,random_dashboard,"int(1) NOT NULL DEFAULT '0',"
redcap_user_rights,random_perform,"int(1) NOT NULL DEFAULT '0',"
redcap_user_rights,realtime_webservice_mapping,"int(1) NOT NULL DEFAULT '0' COMMENT 'User can map fields for RTWS',"
redcap_user_rights,realtime_webservice_adjudicate,"int(1) NOT NULL DEFAULT '0' COMMENT 'User can adjudicate data for RTWS',"
redcap_user_rights,external_module_config,"text COLLATE utf8mb4_unicode_ci DEFAULT NULL,"
redcap_user_rights,mycap_participants,"int(1) NOT NULL DEFAULT '0',"
redcap_user_roles,role_id,"int(10) NOT NULL AUTO_INCREMENT,"
redcap_user_roles,project_id,"int(10) DEFAULT NULL,"
redcap_user_roles,role_name,"varchar(255) COLLATE utf8mb4_unicode_ci DEFAULT NULL COMMENT 'Name of user role',"
redcap_user_roles,unique_role_name,"varchar(50) COLLATE utf8mb4_unicode_ci DEFAULT NULL,"
redcap_user_roles,lock_record,"int(1) NOT NULL DEFAULT '0',"
redcap_user_roles,lock_record_multiform,"int(1) NOT NULL DEFAULT '0',"
redcap_user_roles,lock_record_customize,"int(1) NOT NULL DEFAULT '0',"
redcap_user_roles,data_export_tool,"tinyint(1) DEFAULT NULL,"
redcap_user_roles,data_export_instruments,"text COLLATE utf8mb4_unicode_ci DEFAULT NULL,"
redcap_user_roles,data_import_tool,"int(1) NOT NULL DEFAULT '1',"
redcap_user_roles,data_comparison_tool,"int(1) NOT NULL DEFAULT '1',"
redcap_user_roles,data_logging,"int(1) NOT NULL DEFAULT '1',"
redcap_user_roles,email_logging,"int(1) NOT NULL DEFAULT '0',"
redcap_user_roles,file_repository,"int(1) NOT NULL DEFAULT '1',"
redcap_user_roles,double_data,"int(1) NOT NULL DEFAULT '0',"
redcap_user_roles,user_rights,"int(1) NOT NULL DEFAULT '1',"
redcap_user_roles,data_access_groups,"int(1) NOT NULL DEFAULT '1',"
redcap_user_roles,graphical,"int(1) NOT NULL DEFAULT '1',"
redcap_user_roles,reports,"int(1) NOT NULL DEFAULT '1',"
redcap_user_roles,design,"int(1) NOT NULL DEFAULT '0',"
redcap_user_roles,alerts,"int(1) NOT NULL DEFAULT '0',"
redcap_user_roles,calendar,"int(1) NOT NULL DEFAULT '1',"
redcap_user_roles,data_entry,"text COLLATE utf8mb4_unicode_ci DEFAULT NULL,"
redcap_user_roles,api_export,"int(1) NOT NULL DEFAULT '0',"
redcap_user_roles,api_import,"int(1) NOT NULL DEFAULT '0',"
redcap_user_roles,api_modules,"int(1) NOT NULL DEFAULT '0',"
redcap_user_roles,mobile_app,"int(1) NOT NULL DEFAULT '0',"
redcap_user_roles,mobile_app_download_data,"int(1) NOT NULL DEFAULT '0',"
redcap_user_roles,record_create,"int(1) NOT NULL DEFAULT '1',"
redcap_user_roles,record_rename,"int(1) NOT NULL DEFAULT '0',"
redcap_user_roles,record_delete,"int(1) NOT NULL DEFAULT '0',"
redcap_user_roles,dts,"int(1) NOT NULL DEFAULT '0' COMMENT 'DTS adjudication page',"
redcap_user_roles,participants,"int(1) NOT NULL DEFAULT '1',"
redcap_user_roles,data_quality_design,"int(1) NOT NULL DEFAULT '0',"
redcap_user_roles,data_quality_execute,"int(1) NOT NULL DEFAULT '0',"
redcap_user_roles,data_quality_resolution,"int(1) NOT NULL DEFAULT '0' COMMENT '0=No access, 1=View only, 2=Respond, 3=Open, close, respond',"
redcap_user_roles,random_setup,"int(1) NOT NULL DEFAULT '0',"
redcap_user_roles,random_dashboard,"int(1) NOT NULL DEFAULT '0',"
redcap_user_roles,random_perform,"int(1) NOT NULL DEFAULT '0',"
redcap_user_roles,realtime_webservice_mapping,"int(1) NOT NULL DEFAULT '0' COMMENT 'User can map fields for RTWS',"
redcap_user_roles,realtime_webservice_adjudicate,"int(1) NOT NULL DEFAULT '0' COMMENT 'User can adjudicate data for RTWS',"
redcap_user_roles,external_module_config,"text COLLATE utf8mb4_unicode_ci DEFAULT NULL,"
redcap_user_roles,mycap_participants,"int(1) NOT NULL DEFAULT '0',"
redcap_validation_types,validation_name,"varchar(191) COLLATE utf8mb4_unicode_ci NOT NULL COMMENT 'Unique name for Data Dictionary',"
redcap_validation_types,validation_label,"varchar(255) COLLATE utf8mb4_unicode_ci DEFAULT NULL COMMENT 'Label in Online Designer',"
redcap_validation_types,regex_js,"text COLLATE utf8mb4_unicode_ci DEFAULT NULL,"
redcap_validation_types,regex_php,"text COLLATE utf8mb4_unicode_ci DEFAULT NULL,"
redcap_validation_types,data_type,"enum('date','datetime','datetime_seconds','email','integer','mrn','number','number_comma_decimal','phone','postal_code','ssn','text','time','char') COLLATE utf8mb4_unicode_ci DEFAULT NULL,"
redcap_validation_types,legacy_value,"varchar(255) COLLATE utf8mb4_unicode_ci DEFAULT NULL,"
redcap_validation_types,visible,"int(1) NOT NULL DEFAULT '1' COMMENT 'Show in Online Designer?',"
redcap_web_service_cache,cache_id,"int(10) NOT NULL AUTO_INCREMENT,"
redcap_web_service_cache,project_id,"int(10) DEFAULT NULL,"
redcap_web_service_cache,service,"varchar(50) COLLATE utf8mb4_unicode_ci DEFAULT NULL,"
redcap_web_service_cache,category,"varchar(150) COLLATE utf8mb4_unicode_ci DEFAULT NULL,"
redcap_web_service_cache,value,"varchar(100) COLLATE utf8mb4_unicode_ci DEFAULT NULL,"
redcap_web_service_cache,label,"varchar(255) COLLATE utf8mb4_unicode_ci DEFAULT NULL,"
